RecordID,dbscan_label
1,-1
1,-1
1,-1
1,-1
1,-1
1,-1
1,-1
1,-1
1,-1
1,-1
1,-1
1,-1
1,-1
1,-1
1,-1
1,-1
1,-1
1,-1
1,-1
1,-1
1,-1
1,-1
1,-1
1,-1
1,-1
1,-1
1,-1
1,-1
1,-1
1,-1
1,-1
1,-1
1,-1
1,-1
1,-1
1,-1
1,-1
1,-1
1,-1
1,-1
1,-1
1,-1
1,-1
1,-1
1,-1
1,-1
1,-1
1,-1
1,-1
1,-1
1,-1
1,-1
2,-1
2,-1
2,-1
2,-1
2,-1
2,-1
2,-1
2,-1
2,-1
2,-1
2,-1
2,-1
2,-1
2,-1
2,-1
2,-1
2,-1
2,-1
2,-1
2,-1
2,-1
2,-1
2,-1
2,-1
2,-1
2,-1
2,-1
2,-1
2,-1
2,-1
2,-1
2,-1
2,-1
2,-1
2,-1
2,-1
2,-1
2,-1
2,-1
2,-1
2,-1
2,-1
2,-1
2,-1
2,-1
2,-1
2,-1
2,-1
2,-1
2,-1
2,-1
2,-1
2,-1
2,-1
3,-1
3,-1
3,-1
3,-1
3,-1
3,-1
3,-1
3,-1
3,-1
3,-1
3,-1
3,-1
3,-1
3,-1
3,-1
3,-1
3,-1
3,-1
3,-1
3,-1
3,-1
3,-1
4,-1
4,-1
4,-1
4,-1
4,-1
4,-1
4,-1
4,-1
4,-1
4,-1
4,-1
4,-1
4,-1
4,-1
4,-1
4,-1
4,-1
4,-1
4,-1
4,-1
4,-1
4,-1
4,-1
4,-1
4,-1
4,-1
4,-1
4,-1
4,-1
4,-1
4,-1
4,-1
4,-1
4,-1
4,-1
4,-1
4,-1
4,-1
4,-1
4,-1
4,-1
4,-1
4,-1
4,-1
4,-1
4,-1
4,-1
4,-1
4,-1
4,-1
4,-1
4,-1
4,-1
4,-1
4,-1
4,-1
4,-1
4,-1
4,-1
4,-1
4,-1
4,-1
4,-1
4,-1
4,-1
4,-1
4,-1
4,-1
4,-1
4,-1
4,-1
4,-1
4,-1
4,-1
4,-1
4,-1
4,-1
4,-1
4,-1
4,-1
4,-1
4,-1
4,-1
4,-1
4,-1
4,-1
4,-1
4,-1
5,-1
5,-1
5,-1
5,-1
5,-1
5,-1
5,-1
5,-1
5,-1
5,-1
5,-1
5,-1
5,-1
5,-1
5,-1
5,-1
5,-1
5,-1
5,-1
5,-1
5,-1
5,-1
5,-1
5,-1
6,-1
6,-1
6,-1
6,-1
6,-1
6,-1
6,-1
6,-1
6,-1
6,-1
6,-1
6,-1
6,-1
6,-1
6,-1
6,-1
6,-1
6,-1
6,-1
6,-1
6,-1
6,-1
6,-1
6,-1
6,-1
6,-1
6,-1
6,-1
6,-1
6,-1
6,-1
6,-1
6,-1
6,-1
6,-1
6,-1
6,-1
6,-1
6,-1
6,-1
6,-1
6,-1
6,-1
7,-1
7,-1
7,-1
7,-1
7,-1
7,-1
7,-1
7,-1
7,-1
7,-1
7,-1
7,-1
7,-1
7,-1
7,-1
7,-1
7,-1
8,-1
8,-1
8,-1
8,-1
8,-1
8,-1
8,-1
8,0
8,-1
8,-1
8,-1
8,-1
8,-1
8,-1
8,-1
8,-1
8,-1
8,-1
8,-1
8,-1
8,-1
8,-1
8,-1
8,-1
8,-1
8,-1
8,-1
8,-1
8,-1
8,-1
8,-1
8,-1
8,-1
8,-1
8,-1
8,-1
8,-1
8,-1
8,-1
8,-1
8,-1
8,-1
8,-1
8,-1
8,-1
8,-1
8,-1
8,-1
8,-1
8,-1
8,-1
8,-1
8,-1
8,-1
8,-1
8,-1
8,-1
8,-1
8,-1
8,-1
8,-1
8,-1
8,-1
8,-1
8,-1
8,-1
8,-1
8,-1
8,-1
8,-1
8,-1
8,-1
8,-1
8,-1
8,-1
8,-1
8,-1
8,-1
8,-1
8,-1
8,-1
8,-1
8,-1
8,-1
8,-1
8,-1
8,-1
8,-1
8,-1
8,2
8,2
8,-1
8,-1
8,2
8,0
8,-1
8,-1
8,-1
8,-1
8,-1
8,-1
8,-1
8,-1
8,-1
8,-1
8,-1
8,-1
8,-1
8,-1
8,-1
8,-1
8,-1
8,-1
8,-1
8,-1
8,-1
8,-1
8,-1
8,-1
8,3
8,3
8,-1
8,-1
8,-1
8,-1
8,-1
8,-1
8,-1
8,-1
8,-1
8,-1
8,-1
8,-1
8,-1
8,-1
8,-1
8,-1
8,-1
8,-1
8,-1
8,-1
8,-1
8,-1
8,-1
8,-1
8,-1
8,-1
8,-1
8,-1
8,-1
8,-1
8,-1
8,0
8,-1
8,-1
8,-1
8,2
8,1
8,-1
8,-1
8,-1
8,-1
8,-1
8,-1
8,1
8,-1
8,-1
8,1
8,2
8,-1
8,2
8,-1
8,-1
8,0
8,2
8,-1
8,2
8,-1
8,1
8,-1
8,-1
8,-1
8,-1
8,-1
8,-1
8,-1
8,-1
8,-1
8,-1
8,-1
8,-1
8,-1
8,-1
8,-1
8,-1
8,-1
8,1
8,-1
8,2
8,-1
8,-1
8,-1
8,-1
8,2
8,-1
8,-1
8,-1
8,-1
8,-1
8,-1
8,1
8,-1
8,-1
8,-1
8,-1
8,-1
8,-1
8,-1
8,-1
8,-1
8,-1
8,-1
8,-1
8,-1
8,-1
8,-1
8,-1
8,-1
8,-1
8,-1
8,0
8,-1
8,-1
8,-1
8,-1
8,-1
8,-1
8,-1
8,-1
8,-1
8,-1
8,-1
8,-1
8,-1
8,-1
8,-1
8,-1
8,-1
8,-1
8,-1
8,-1
8,-1
8,-1
8,-1
8,-1
8,-1
8,-1
8,-1
8,-1
8,-1
8,-1
8,-1
8,-1
8,-1
8,-1
8,-1
8,4
8,-1
8,3
8,3
8,-1
8,-1
8,-1
8,-1
8,3
8,-1
8,-1
8,-1
8,-1
8,3
8,-1
8,-1
8,-1
8,-1
8,-1
8,-1
8,-1
8,3
8,-1
8,-1
8,3
8,3
8,4
8,-1
8,-1
8,-1
8,-1
8,3
8,-1
8,-1
8,-1
8,-1
8,-1
8,3
8,-1
8,-1
8,-1
8,-1
8,4
8,-1
8,4
8,-1
8,-1
8,-1
8,-1
8,3
8,3
8,3
8,-1
8,-1
8,-1
8,-1
8,-1
8,-1
8,4
8,-1
8,-1
8,-1
8,3
8,-1
8,-1
8,-1
8,-1
8,-1
8,3
8,-1
8,-1
8,-1
8,-1
8,-1
8,3
8,-1
8,-1
8,-1
8,-1
8,3
8,-1
8,-1
8,3
8,-1
8,-1
8,-1
8,-1
8,-1
8,-1
8,3
8,-1
8,-1
8,-1
8,-1
8,-1
8,-1
8,3
8,3
8,-1
8,-1
8,-1
8,-1
8,-1
8,-1
8,3
8,2
9,-1
9,-1
9,-1
9,-1
9,-1
9,-1
9,-1
9,-1
9,-1
9,-1
9,5
9,-1
9,-1
9,5
9,-1
9,-1
9,-1
9,-1
9,-1
9,-1
9,-1
9,-1
9,-1
9,-1
9,-1
9,-1
9,-1
9,-1
9,-1
9,-1
9,-1
9,-1
9,5
9,-1
9,-1
9,5
9,-1
9,5
9,-1
9,-1
9,5
9,-1
9,-1
9,5
9,5
9,5
9,5
9,5
9,5
9,5
9,-1
9,-1
9,-1
9,-1
9,-1
9,-1
9,-1
9,-1
9,-1
9,5
9,-1
9,-1
9,-1
9,-1
9,-1
9,-1
9,-1
9,-1
10,-1
10,-1
10,-1
10,-1
10,-1
10,-1
10,-1
10,-1
10,-1
10,-1
10,-1
10,-1
10,-1
10,-1
10,-1
10,-1
10,-1
10,-1
10,-1
10,-1
10,-1
10,-1
10,-1
10,-1
10,-1
10,-1
10,-1
10,-1
10,-1
10,-1
10,-1
10,-1
10,-1
10,-1
10,-1
10,-1
10,-1
10,-1
10,-1
10,-1
10,-1
10,-1
10,-1
10,-1
10,-1
10,-1
10,-1
10,-1
10,-1
10,-1
10,-1
10,-1
10,-1
10,-1
10,-1
10,-1
10,-1
10,-1
10,-1
10,-1
10,-1
10,-1
10,-1
10,-1
10,-1
10,-1
10,-1
10,-1
10,-1
10,-1
10,-1
10,-1
10,-1
10,-1
10,-1
10,-1
10,-1
10,-1
10,-1
10,-1
10,-1
10,-1
10,-1
10,-1
10,-1
10,-1
10,-1
10,-1
10,-1
10,-1
10,-1
10,-1
10,-1
10,-1
10,-1
10,-1
11,-1
11,-1
11,-1
11,-1
11,-1
11,-1
11,6
11,-1
11,-1
11,-1
11,-1
11,-1
11,-1
11,-1
11,-1
11,7
11,-1
11,-1
11,-1
11,-1
11,-1
11,-1
11,-1
11,-1
11,-1
11,-1
11,-1
11,6
11,-1
11,-1
11,-1
11,-1
11,-1
11,-1
11,-1
11,-1
11,-1
11,-1
11,-1
11,-1
11,-1
11,-1
11,-1
11,-1
11,6
11,-1
11,-1
11,-1
11,-1
11,-1
11,-1
11,-1
11,-1
11,-1
11,-1
11,-1
11,-1
11,-1
11,-1
11,-1
11,-1
11,-1
11,-1
11,-1
11,-1
11,-1
11,7
11,-1
11,-1
11,-1
11,-1
11,-1
11,-1
11,-1
11,6
11,7
11,-1
11,-1
11,-1
11,-1
11,7
11,6
11,-1
11,-1
11,7
11,-1
11,-1
11,-1
11,-1
11,-1
11,-1
11,-1
11,-1
11,-1
11,-1
11,-1
11,-1
11,-1
11,-1
11,-1
11,-1
11,-1
11,-1
11,-1
11,-1
11,-1
11,-1
11,-1
11,-1
11,-1
11,-1
11,-1
11,-1
11,-1
11,-1
11,-1
11,-1
11,-1
11,-1
11,-1
11,-1
11,-1
11,-1
11,-1
11,-1
11,-1
11,-1
11,-1
11,-1
11,-1
11,-1
11,-1
11,-1
11,-1
11,-1
11,-1
11,-1
11,-1
11,-1
11,-1
11,-1
11,-1
11,-1
11,-1
11,-1
11,-1
11,-1
11,-1
11,-1
11,-1
11,-1
11,-1
11,-1
11,-1
11,-1
11,-1
11,-1
12,-1
12,-1
12,-1
12,-1
12,-1
12,-1
12,-1
12,-1
12,-1
12,-1
12,-1
12,-1
12,-1
12,-1
12,-1
12,-1
12,-1
12,-1
12,-1
12,-1
12,-1
12,-1
12,-1
12,-1
12,-1
12,-1
12,-1
12,-1
12,-1
12,-1
12,-1
12,-1
12,-1
12,-1
12,-1
12,-1
12,-1
12,-1
12,-1
12,-1
12,-1
12,-1
12,-1
12,-1
12,-1
12,-1
12,-1
12,-1
12,-1
12,-1
12,-1
12,-1
12,-1
12,-1
12,-1
12,-1
12,-1
12,-1
13,-1
13,-1
13,-1
13,-1
13,-1
13,-1
13,-1
13,-1
13,-1
13,-1
13,-1
13,-1
13,-1
13,-1
13,-1
13,-1
13,-1
13,-1
13,-1
13,-1
13,-1
13,-1
13,-1
13,-1
13,-1
13,-1
13,-1
13,-1
13,-1
13,-1
13,-1
13,-1
13,-1
13,-1
13,-1
13,-1
13,-1
13,-1
13,-1
13,-1
13,-1
13,-1
13,-1
13,-1
13,-1
13,-1
13,-1
13,-1
13,-1
13,-1
13,-1
13,-1
13,-1
13,-1
13,-1
13,-1
13,-1
13,-1
13,-1
13,-1
13,-1
13,-1
13,-1
13,-1
13,-1
13,-1
13,-1
13,-1
13,-1
13,-1
13,-1
13,-1
13,-1
13,-1
13,-1
13,-1
13,-1
13,-1
13,-1
13,-1
13,-1
13,-1
13,-1
13,-1
13,-1
13,-1
13,-1
13,-1
13,-1
13,-1
13,-1
13,-1
13,-1
13,-1
13,-1
13,-1
13,-1
13,-1
13,-1
13,-1
13,-1
13,-1
13,-1
13,-1
13,-1
13,-1
13,-1
13,-1
13,-1
13,-1
13,-1
13,-1
13,-1
13,-1
13,-1
13,-1
13,-1
13,-1
13,-1
13,-1
13,-1
13,-1
13,-1
13,-1
13,-1
13,-1
13,-1
13,-1
13,-1
13,-1
13,-1
13,-1
13,-1
13,-1
13,-1
13,-1
13,-1
13,-1
13,-1
13,-1
13,-1
13,-1
13,-1
13,-1
13,-1
13,-1
13,-1
13,-1
13,-1
13,-1
13,-1
13,-1
13,-1
13,-1
13,-1
13,-1
13,-1
13,-1
13,-1
13,-1
13,-1
13,-1
13,-1
14,-1
14,-1
14,-1
14,-1
14,-1
14,-1
14,-1
14,-1
14,-1
14,-1
14,-1
14,-1
14,-1
14,-1
14,-1
14,-1
14,-1
14,-1
14,-1
14,-1
14,-1
14,-1
14,-1
14,-1
14,-1
14,-1
14,-1
14,-1
14,-1
14,-1
14,-1
14,-1
14,-1
14,-1
14,-1
14,-1
14,-1
14,-1
14,-1
14,-1
14,-1
14,-1
14,-1
14,-1
14,-1
14,-1
14,-1
14,-1
14,-1
14,-1
14,-1
14,-1
14,-1
14,-1
14,-1
14,-1
14,-1
14,-1
14,-1
14,-1
14,-1
14,-1
14,-1
14,-1
14,-1
14,-1
14,-1
14,-1
14,-1
14,-1
14,-1
14,-1
14,-1
14,-1
14,-1
14,-1
14,-1
14,-1
14,-1
14,-1
14,-1
14,-1
14,-1
14,-1
14,-1
14,-1
14,-1
14,-1
14,-1
14,-1
14,-1
14,-1
14,-1
14,-1
14,-1
14,-1
14,-1
14,-1
14,-1
14,-1
14,-1
14,-1
14,-1
14,-1
14,-1
14,-1
14,-1
14,-1
14,-1
14,-1
14,-1
14,-1
14,-1
14,-1
14,-1
14,-1
14,-1
14,-1
14,-1
14,-1
14,-1
14,-1
14,-1
14,-1
14,-1
14,-1
14,-1
14,-1
14,-1
14,-1
14,-1
14,-1
14,-1
14,-1
14,-1
14,-1
14,-1
14,-1
14,-1
14,-1
14,-1
14,-1
14,-1
14,-1
14,-1
14,-1
14,-1
14,-1
14,-1
14,-1
14,-1
14,-1
14,-1
14,-1
14,-1
14,-1
14,-1
14,-1
14,-1
14,-1
14,-1
14,-1
14,-1
14,-1
14,-1
14,-1
14,-1
14,-1
14,-1
14,-1
14,-1
14,-1
14,-1
14,-1
14,-1
14,-1
14,-1
14,-1
14,-1
14,-1
14,-1
14,-1
14,-1
14,-1
14,-1
14,-1
14,-1
14,-1
14,-1
14,-1
14,-1
14,-1
14,-1
14,-1
14,-1
14,-1
14,-1
14,-1
14,-1
15,-1
15,-1
15,-1
15,-1
15,-1
15,-1
15,-1
15,-1
15,-1
15,-1
15,-1
15,-1
15,-1
15,-1
15,-1
15,9
15,-1
15,-1
15,-1
15,-1
15,-1
15,-1
15,-1
15,8
15,-1
15,-1
15,-1
15,-1
15,-1
15,-1
15,-1
15,-1
15,-1
15,-1
15,-1
15,-1
15,-1
15,-1
15,8
15,-1
15,-1
15,-1
15,-1
15,-1
15,-1
15,8
15,-1
15,8
15,-1
15,-1
15,-1
15,-1
15,-1
15,-1
15,-1
15,-1
15,-1
15,-1
15,-1
15,8
15,-1
15,-1
15,-1
15,8
15,-1
15,-1
15,-1
15,9
15,-1
15,9
15,-1
15,-1
15,-1
15,-1
15,-1
15,-1
15,9
15,-1
15,9
15,-1
15,-1
15,9
15,9
15,-1
15,9
15,8
15,-1
15,-1
15,-1
15,9
15,9
15,-1
15,8
15,-1
15,-1
15,-1
15,-1
15,-1
15,-1
15,-1
15,-1
15,-1
15,-1
15,-1
15,-1
15,-1
15,-1
15,-1
15,-1
15,23
15,-1
15,-1
15,-1
15,9
15,-1
15,-1
15,8
15,8
15,-1
15,-1
15,-1
15,8
15,8
15,-1
15,8
15,-1
15,8
15,-1
15,8
15,9
15,-1
15,8
15,-1
15,-1
15,8
15,8
15,-1
15,-1
15,-1
15,8
15,-1
15,8
15,-1
15,-1
15,-1
15,-1
15,-1
15,-1
15,-1
15,-1
15,-1
15,8
15,-1
15,-1
15,-1
15,-1
15,-1
15,-1
15,-1
15,12
15,-1
15,-1
15,8
15,-1
15,8
15,8
15,-1
15,-1
15,-1
15,-1
15,-1
15,-1
15,-1
15,-1
15,8
15,-1
15,8
15,8
15,-1
15,-1
15,-1
15,-1
15,-1
15,-1
15,-1
15,-1
15,-1
15,8
15,-1
15,8
15,8
15,8
15,8
15,8
15,8
15,-1
15,-1
15,-1
15,8
15,8
15,8
15,-1
15,-1
15,8
15,-1
15,-1
15,-1
15,-1
15,-1
15,-1
15,-1
15,-1
15,-1
15,-1
15,-1
15,8
15,-1
15,-1
15,-1
15,-1
15,8
15,8
15,-1
15,-1
15,-1
15,8
15,-1
15,-1
15,23
15,8
15,-1
15,-1
15,-1
15,-1
15,-1
15,-1
15,-1
15,-1
15,-1
15,-1
15,-1
15,-1
15,8
15,-1
15,-1
15,8
15,-1
15,-1
15,-1
15,-1
15,-1
15,-1
15,-1
15,-1
15,10
15,-1
15,10
15,-1
15,-1
15,-1
15,10
15,10
15,-1
15,-1
15,-1
15,-1
15,-1
15,-1
15,-1
15,-1
15,-1
15,-1
15,9
15,-1
15,9
15,-1
15,10
15,-1
15,10
15,-1
15,-1
15,-1
15,-1
15,-1
15,11
15,11
15,-1
15,11
15,-1
15,11
15,11
15,-1
15,-1
15,-1
15,-1
15,11
15,-1
15,11
15,-1
15,11
15,-1
15,-1
15,-1
15,12
15,-1
15,-1
15,-1
15,-1
15,-1
15,8
15,-1
15,-1
15,-1
15,-1
15,-1
15,-1
15,-1
15,-1
15,9
15,-1
15,-1
15,-1
15,-1
15,-1
15,-1
15,-1
15,8
15,8
15,-1
15,-1
15,-1
15,-1
15,8
15,-1
15,-1
15,-1
15,9
15,9
15,-1
15,9
15,8
15,-1
15,-1
15,8
15,-1
15,8
15,9
15,-1
15,-1
15,-1
15,-1
15,-1
15,8
15,-1
15,-1
15,-1
15,-1
15,-1
15,-1
15,-1
15,-1
15,-1
15,12
15,-1
15,-1
15,-1
15,-1
15,13
15,-1
15,-1
15,-1
15,-1
15,-1
15,-1
15,-1
15,13
15,-1
15,-1
15,13
15,-1
15,-1
15,-1
15,-1
15,-1
15,-1
15,-1
15,-1
15,-1
15,-1
15,13
15,-1
15,8
15,8
15,-1
15,-1
15,-1
15,-1
15,-1
15,12
15,12
15,-1
15,-1
15,-1
15,8
15,-1
15,-1
15,-1
15,-1
15,12
15,-1
15,-1
15,10
15,13
15,-1
15,-1
15,8
15,8
15,-1
15,-1
15,8
15,12
15,13
15,-1
15,-1
15,-1
15,-1
15,13
15,-1
15,-1
15,-1
15,-1
15,-1
15,-1
15,-1
15,-1
15,-1
15,-1
15,-1
15,-1
15,-1
15,-1
15,-1
15,-1
15,-1
15,-1
15,-1
15,-1
15,-1
15,-1
16,-1
16,-1
16,-1
16,-1
16,-1
16,-1
16,-1
16,-1
16,-1
16,-1
16,-1
16,-1
16,-1
16,-1
16,-1
16,-1
16,-1
16,-1
16,-1
16,-1
16,-1
16,-1
16,-1
16,-1
16,-1
16,-1
16,-1
16,-1
16,-1
16,-1
16,-1
16,-1
16,-1
16,-1
16,-1
16,-1
16,-1
16,-1
16,-1
16,-1
16,-1
16,-1
16,-1
16,-1
16,-1
16,-1
16,-1
16,-1
16,-1
16,-1
16,-1
16,-1
16,-1
16,-1
16,-1
16,-1
16,-1
16,-1
16,-1
16,-1
16,-1
16,-1
16,-1
16,-1
16,-1
16,-1
16,-1
16,-1
16,-1
16,-1
16,-1
16,-1
16,-1
16,-1
16,-1
16,-1
16,-1
16,-1
16,-1
16,-1
16,-1
16,-1
16,-1
16,-1
16,-1
16,-1
16,-1
16,-1
17,-1
17,-1
17,-1
17,-1
17,-1
17,-1
17,-1
17,-1
17,-1
17,-1
17,-1
17,-1
17,-1
17,-1
17,-1
17,-1
17,-1
17,-1
17,-1
17,-1
17,-1
17,-1
17,-1
17,21
17,-1
17,-1
17,-1
17,-1
17,-1
17,-1
17,-1
17,-1
17,-1
17,-1
17,-1
17,-1
17,22
17,-1
17,-1
17,-1
17,-1
17,-1
17,-1
17,-1
17,-1
17,-1
17,-1
17,-1
17,-1
17,-1
17,-1
17,-1
17,-1
17,-1
17,-1
17,-1
17,-1
17,-1
17,-1
17,-1
17,-1
17,-1
17,-1
17,21
17,-1
17,-1
17,-1
17,-1
17,-1
17,-1
17,-1
17,-1
17,-1
17,-1
17,-1
17,-1
17,-1
17,-1
17,-1
17,-1
17,-1
17,-1
17,-1
17,-1
17,-1
17,-1
17,-1
17,-1
17,-1
17,-1
17,-1
17,-1
17,-1
17,-1
17,-1
17,-1
17,-1
17,-1
17,-1
17,-1
17,-1
17,-1
17,-1
17,-1
17,-1
17,-1
17,-1
17,-1
17,-1
17,-1
17,-1
17,-1
17,-1
17,-1
17,-1
17,-1
17,-1
17,-1
17,-1
17,-1
17,-1
17,-1
17,-1
17,-1
17,-1
17,-1
17,-1
17,-1
17,-1
17,-1
17,-1
17,-1
17,-1
17,-1
17,-1
17,-1
17,-1
18,-1
18,-1
18,-1
18,-1
18,-1
18,-1
18,-1
18,-1
18,-1
18,-1
18,-1
18,-1
18,-1
18,-1
18,-1
18,-1
18,-1
18,-1
18,-1
18,-1
18,-1
18,-1
18,-1
18,-1
18,-1
18,-1
18,-1
18,-1
18,-1
18,-1
18,-1
18,-1
18,-1
18,-1
18,-1
18,-1
18,-1
18,-1
18,-1
18,-1
18,-1
18,-1
18,-1
18,-1
18,-1
18,-1
18,-1
18,-1
18,-1
18,-1
18,-1
18,-1
18,-1
18,-1
18,-1
18,-1
18,-1
18,-1
18,-1
18,-1
18,-1
18,-1
18,-1
18,-1
18,-1
18,-1
18,-1
18,-1
18,-1
18,-1
18,-1
18,-1
18,-1
18,-1
18,-1
18,-1
18,-1
18,-1
18,-1
18,-1
18,-1
18,-1
18,-1
18,-1
18,-1
18,-1
18,-1
18,-1
18,-1
18,-1
18,-1
18,-1
18,-1
18,-1
18,-1
18,-1
18,-1
18,-1
18,14
18,-1
18,-1
18,14
18,-1
18,-1
18,-1
18,-1
18,14
18,14
18,-1
18,-1
18,-1
18,-1
18,14
18,-1
18,-1
18,-1
18,14
18,-1
18,-1
18,-1
18,-1
18,-1
18,-1
18,-1
18,-1
18,-1
18,-1
18,-1
18,-1
18,-1
18,-1
18,-1
18,-1
18,-1
18,-1
18,-1
18,-1
18,-1
18,-1
18,-1
18,-1
18,-1
18,-1
18,17
18,-1
18,-1
18,-1
18,-1
18,-1
18,-1
18,17
18,-1
18,-1
18,-1
18,-1
18,-1
18,-1
18,-1
18,-1
18,-1
18,-1
18,-1
18,-1
18,-1
18,-1
18,-1
18,-1
18,-1
18,15
18,-1
18,15
18,-1
18,15
18,16
18,-1
18,-1
18,-1
18,16
18,-1
18,-1
18,-1
18,15
18,-1
18,-1
18,-1
18,15
18,15
18,-1
18,-1
18,16
18,15
18,-1
18,-1
18,16
18,15
18,-1
18,15
18,-1
18,-1
18,-1
18,16
18,-1
18,-1
18,-1
18,-1
18,-1
18,-1
18,17
18,-1
18,-1
18,17
18,17
18,-1
18,-1
18,-1
18,-1
18,-1
18,-1
18,-1
18,-1
18,17
18,-1
18,-1
18,17
18,-1
18,-1
18,-1
18,17
18,-1
18,-1
18,-1
18,-1
18,-1
18,-1
18,-1
18,-1
18,-1
18,-1
18,-1
18,-1
18,-1
18,-1
18,-1
18,-1
18,-1
18,-1
18,-1
18,-1
18,-1
18,-1
18,-1
18,-1
18,-1
18,-1
18,-1
18,-1
18,-1
18,-1
18,-1
18,-1
18,-1
18,-1
18,-1
18,-1
18,-1
18,-1
18,-1
18,-1
18,-1
18,-1
18,-1
18,-1
18,-1
18,-1
18,-1
18,-1
18,-1
18,-1
18,-1
18,-1
18,-1
18,-1
18,-1
18,-1
18,-1
18,-1
18,-1
18,-1
18,-1
18,-1
18,-1
18,-1
18,-1
18,-1
18,-1
18,-1
18,-1
18,-1
18,-1
18,-1
18,-1
18,-1
18,-1
18,-1
18,-1
18,-1
18,-1
18,-1
18,-1
18,-1
18,-1
18,-1
18,-1
18,-1
18,-1
18,-1
18,-1
18,-1
18,-1
18,-1
18,-1
18,-1
18,-1
18,-1
18,-1
18,-1
18,-1
18,-1
18,-1
18,-1
18,-1
18,-1
18,-1
18,-1
18,-1
18,-1
18,-1
18,-1
18,-1
19,-1
19,-1
19,-1
19,-1
19,-1
19,-1
19,-1
19,-1
19,-1
19,-1
19,-1
19,-1
19,-1
19,-1
19,-1
19,-1
19,-1
19,-1
19,-1
19,-1
19,-1
19,-1
19,-1
19,-1
19,-1
19,-1
19,-1
19,-1
19,-1
19,-1
19,-1
19,-1
19,-1
19,18
19,-1
19,-1
19,-1
19,-1
19,-1
19,18
19,-1
19,-1
19,-1
19,-1
19,-1
19,18
19,18
19,-1
19,-1
19,-1
19,-1
19,18
19,18
19,-1
19,18
19,-1
19,-1
19,-1
19,-1
19,-1
19,-1
19,-1
19,-1
19,18
19,-1
19,-1
19,-1
19,-1
19,18
19,-1
19,-1
19,-1
19,-1
19,18
19,-1
19,-1
19,19
19,-1
19,-1
19,-1
19,-1
19,-1
19,-1
19,-1
19,19
19,-1
19,-1
19,19
19,-1
19,-1
19,-1
19,-1
19,-1
19,-1
19,-1
19,18
19,18
19,-1
19,-1
19,-1
19,-1
19,-1
19,-1
19,-1
19,-1
19,18
19,-1
19,-1
19,18
19,-1
19,-1
19,-1
19,-1
19,19
19,19
19,-1
19,-1
19,-1
19,-1
19,-1
19,-1
19,-1
19,20
19,-1
19,-1
19,-1
19,20
19,20
19,-1
19,-1
19,-1
19,-1
19,-1
19,-1
19,-1
19,-1
19,-1
19,-1
19,20
19,-1
19,-1
19,-1
19,-1
19,-1
19,20
19,-1
19,-1
19,-1
19,-1
19,-1
19,-1
19,-1
19,-1
19,-1
19,-1
19,-1
19,-1
19,-1
19,-1
19,-1
19,-1
19,-1
19,-1
19,-1
19,20
19,-1
19,-1
19,-1
19,-1
19,21
19,-1
19,-1
19,-1
19,21
19,-1
19,-1
19,-1
19,-1
19,-1
19,-1
19,-1
19,-1
19,-1
19,-1
19,21
19,-1
19,-1
19,-1
19,-1
19,-1
19,-1
19,-1
19,-1
19,-1
19,-1
19,20
19,-1
19,-1
19,-1
19,-1
19,-1
19,-1
19,-1
19,-1
19,-1
19,-1
19,-1
19,21
19,21
19,-1
19,-1
19,-1
19,-1
19,-1
19,-1
19,-1
19,-1
19,-1
19,21
19,-1
19,-1
19,-1
19,-1
19,-1
19,-1
19,-1
19,-1
19,-1
19,-1
19,-1
19,21
19,-1
19,-1
19,21
19,-1
19,-1
19,-1
19,-1
19,-1
19,-1
19,-1
19,-1
19,-1
19,-1
19,-1
19,-1
19,-1
19,-1
19,-1
19,-1
19,-1
19,-1
19,-1
19,-1
19,-1
19,-1
19,-1
19,-1
19,-1
19,-1
19,-1
19,-1
19,-1
19,-1
19,-1
19,-1
19,-1
19,-1
19,-1
19,-1
19,-1
19,-1
19,-1
19,-1
19,-1
19,-1
19,-1
19,-1
19,-1
19,-1
19,-1
19,-1
19,-1
19,-1
19,-1
19,-1
19,-1
19,-1
19,-1
19,-1
19,-1
19,-1
19,-1
19,-1
19,-1
19,-1
19,-1
19,-1
19,-1
19,-1
19,-1
19,-1
19,-1
19,-1
19,-1
19,-1
19,-1
19,-1
19,-1
19,-1
19,-1
19,-1
19,-1
19,-1
19,-1
19,-1
19,-1
19,-1
19,-1
19,-1
19,-1
19,-1
19,-1
19,-1
19,-1
19,-1
19,-1
19,-1
19,-1
19,-1
19,-1
19,-1
19,-1
19,-1
19,-1
19,-1
19,-1
19,-1
19,-1
19,-1
19,-1
19,18
19,-1
19,-1
19,-1
19,-1
19,-1
19,-1
19,-1
19,-1
19,-1
19,-1
19,-1
19,-1
19,-1
19,-1
19,-1
19,-1
19,-1
19,-1
19,-1
19,-1
19,-1
19,-1
19,-1
19,-1
19,-1
19,-1
19,-1
19,-1
19,-1
19,-1
19,-1
19,-1
19,-1
19,-1
19,-1
19,-1
19,-1
19,-1
19,-1
19,-1
19,-1
19,-1
19,-1
19,-1
19,-1
19,-1
19,-1
19,-1
19,-1
20,-1
20,-1
20,-1
20,-1
20,-1
20,-1
20,-1
20,-1
20,-1
20,-1
20,-1
20,-1
20,-1
20,-1
20,-1
20,-1
20,-1
20,-1
20,-1
20,-1
20,-1
20,-1
20,-1
20,-1
20,-1
20,-1
20,-1
20,-1
20,-1
20,-1
20,-1
20,-1
20,-1
20,-1
20,-1
20,-1
20,-1
20,-1
20,-1
20,-1
20,-1
20,-1
20,-1
20,-1
20,-1
20,-1
20,-1
20,-1
20,-1
20,-1
20,-1
20,-1
20,-1
20,-1
20,-1
20,-1
20,-1
20,-1
20,-1
20,-1
20,-1
20,-1
20,-1
20,-1
20,-1
20,-1
20,-1
20,-1
20,-1
20,-1
20,-1
20,-1
20,-1
20,-1
20,-1
20,-1
20,-1
20,-1
20,-1
20,-1
20,-1
20,-1
20,-1
20,-1
20,-1
20,-1
20,-1
20,-1
20,-1
20,-1
20,-1
20,-1
20,-1
20,-1
20,-1
20,-1
20,-1
20,-1
20,-1
20,-1
20,-1
20,-1
20,-1
20,-1
20,-1
20,-1
20,-1
20,-1
20,-1
20,-1
20,-1
20,-1
20,-1
20,-1
20,-1
20,-1
20,-1
20,-1
20,-1
20,-1
20,-1
20,-1
20,-1
20,-1
20,-1
20,-1
20,-1
20,-1
20,-1
20,-1
20,-1
20,-1
20,-1
20,-1
20,-1
20,-1
20,-1
20,-1
20,-1
20,-1
20,-1
20,-1
20,-1
20,-1
20,-1
20,-1
20,-1
20,-1
20,-1
20,-1
20,-1
20,-1
20,-1
20,-1
20,-1
20,-1
20,-1
20,-1
20,-1
20,-1
20,-1
20,-1
20,-1
20,-1
20,-1
20,22
20,-1
20,-1
20,-1
20,-1
20,-1
20,-1
20,-1
20,-1
20,-1
20,18
20,-1
20,-1
20,-1
20,-1
20,-1
20,-1
20,22
20,-1
20,-1
20,-1
20,-1
20,-1
20,-1
20,-1
20,-1
20,-1
20,-1
20,-1
20,-1
20,-1
20,-1
20,-1
20,-1
20,-1
20,-1
20,-1
20,-1
20,-1
20,-1
20,-1
20,-1
20,-1
20,-1
20,-1
20,-1
20,-1
20,-1
20,-1
20,-1
20,-1
20,-1
20,-1
20,-1
20,-1
20,-1
20,-1
20,-1
20,-1
20,-1
20,-1
20,-1
20,-1
20,-1
20,-1
20,-1
20,-1
20,-1
20,-1
20,-1
20,-1
20,-1
20,-1
20,-1
20,-1
20,-1
20,-1
20,-1
20,-1
20,-1
20,-1
20,-1
20,-1
20,22
20,-1
20,-1
20,-1
20,-1
20,-1
20,-1
20,-1
20,-1
20,-1
20,23
20,18
20,-1
20,23
20,-1
20,-1
20,18
20,-1
20,-1
20,-1
20,-1
20,-1
20,-1
20,-1
20,-1
20,-1
20,-1
20,-1
20,22
20,-1
20,-1
20,-1
20,23
20,-1
20,-1
20,-1
20,22
20,-1
20,23
20,-1
20,-1
20,23
20,-1
20,-1
20,18
20,-1
20,18
20,-1
20,22
20,-1
20,-1
20,-1
20,22
20,-1
20,-1
20,22
21,-1
21,24
21,-1
21,-1
21,24
21,24
21,-1
21,-1
21,-1
21,-1
21,-1
21,-1
21,24
21,-1
21,11
21,-1
21,-1
21,-1
21,24
21,-1
21,24
21,-1
21,-1
21,-1
21,-1
21,-1
21,-1
21,-1
21,-1
21,-1
21,-1
21,-1
21,-1
21,-1
21,-1
21,-1
21,-1
21,24
21,-1
21,-1
21,-1
21,-1
21,-1
21,-1
21,25
21,-1
21,24
21,-1
21,24
21,-1
21,-1
21,24
21,-1
21,24
21,-1
21,24
21,-1
21,24
21,-1
21,-1
21,-1
21,-1
21,-1
21,-1
21,-1
21,24
21,24
21,-1
21,-1
21,-1
21,24
21,26
21,24
21,-1
21,24
21,-1
21,-1
21,-1
21,-1
21,-1
21,-1
21,-1
21,-1
21,-1
21,-1
21,-1
21,24
21,-1
21,24
21,-1
21,-1
21,-1
21,-1
21,-1
21,24
21,24
21,-1
21,-1
21,24
21,26
21,-1
21,-1
21,-1
21,24
21,24
21,-1
21,-1
21,24
21,24
21,-1
21,-1
21,-1
21,-1
21,-1
21,24
21,24
21,24
21,24
21,24
21,-1
21,-1
21,-1
21,-1
21,26
21,-1
21,26
21,26
21,-1
21,24
21,24
21,-1
21,24
21,-1
21,-1
21,-1
21,24
21,-1
21,-1
21,24
21,-1
21,24
21,-1
21,-1
21,-1
21,-1
21,-1
21,-1
21,-1
21,-1
21,25
21,25
21,-1
21,25
21,25
21,-1
21,-1
21,25
21,-1
21,25
21,-1
21,-1
21,-1
21,-1
21,-1
21,-1
21,-1
21,-1
21,-1
21,25
21,25
21,-1
21,-1
21,25
21,-1
21,25
21,25
21,-1
21,25
21,-1
21,25
21,25
21,-1
21,-1
21,-1
21,-1
21,-1
21,-1
21,-1
21,-1
21,-1
21,-1
21,-1
21,-1
21,-1
21,-1
21,-1
21,-1
21,-1
21,-1
21,-1
21,-1
21,-1
21,-1
21,-1
21,-1
21,25
21,24
21,-1
21,-1
21,-1
21,-1
21,-1
21,25
21,-1
21,-1
21,-1
21,-1
21,-1
21,-1
21,-1
21,-1
21,24
21,-1
21,-1
21,-1
21,-1
21,24
21,-1
21,-1
21,-1
21,-1
21,-1
21,25
21,-1
21,-1
21,-1
21,-1
21,-1
21,-1
21,-1
21,-1
21,-1
21,-1
21,24
21,-1
21,-1
21,-1
21,-1
21,-1
21,-1
21,25
21,-1
21,-1
21,-1
21,-1
21,-1
21,25
21,25
21,-1
21,-1
21,-1
21,-1
21,25
21,-1
21,25
21,-1
21,-1
21,-1
21,-1
21,24
21,-1
21,-1
21,-1
21,25
21,-1
21,-1
21,-1
21,24
21,24
21,-1
21,-1
21,-1
21,-1
21,-1
21,-1
21,-1
21,-1
21,-1
21,-1
21,-1
21,-1
21,-1
21,-1
21,-1
21,-1
21,-1
21,-1
21,-1
21,-1
21,-1
21,-1
21,-1
21,-1
21,-1
21,-1
21,-1
21,-1
21,-1
21,-1
21,-1
21,-1
21,-1
21,-1
21,-1
21,-1
21,-1
21,-1
21,-1
21,-1
21,-1
21,-1
21,-1
21,-1
21,-1
21,-1
21,-1
21,-1
21,-1
21,-1
21,-1
21,-1
21,-1
21,-1
21,-1
21,-1
21,-1
21,-1
21,-1
21,-1
21,-1
21,-1
21,-1
21,-1
21,-1
21,-1
21,-1
21,-1
21,-1
21,-1
21,-1
21,-1
21,-1
21,-1
21,-1
21,-1
21,-1
21,-1
21,-1
21,-1
21,-1
21,-1
21,-1
21,-1
21,-1
21,-1
21,-1
21,-1
21,-1
22,-1
22,-1
22,-1
22,-1
22,-1
22,-1
22,-1
22,-1
22,-1
22,-1
22,-1
22,-1
22,-1
22,-1
22,-1
22,-1
22,-1
22,-1
22,-1
22,-1
22,-1
22,-1
22,-1
22,-1
22,-1
22,-1
22,-1
22,-1
22,-1
22,-1
22,-1
22,-1
22,-1
22,-1
22,-1
22,-1
22,-1
22,-1
22,-1
22,-1
22,-1
22,-1
22,-1
22,-1
22,-1
22,-1
22,-1
22,-1
22,-1
22,-1
22,-1
22,-1
22,-1
22,-1
22,-1
22,-1
22,-1
22,-1
22,-1
22,-1
22,-1
22,-1
22,-1
22,-1
22,-1
22,-1
22,-1
22,-1
22,-1
22,-1
22,-1
22,-1
22,-1
22,-1
22,-1
22,-1
22,-1
22,-1
22,-1
22,-1
22,-1
22,-1
22,-1
22,-1
22,-1
22,-1
22,-1
22,-1
22,-1
22,-1
22,-1
22,-1
22,-1
22,-1
22,-1
22,-1
22,-1
22,-1
22,-1
22,-1
22,-1
22,-1
22,-1
22,-1
22,-1
22,-1
22,-1
22,-1
22,-1
22,-1
22,-1
22,-1
22,-1
22,-1
22,-1
22,-1
22,-1
22,-1
22,-1
22,-1
22,-1
22,-1
22,-1
22,-1
22,-1
22,28
22,-1
22,28
22,-1
22,-1
22,-1
22,-1
22,-1
22,-1
22,-1
22,-1
22,-1
22,-1
22,-1
22,-1
22,-1
22,-1
22,-1
22,-1
22,-1
22,-1
22,-1
22,-1
22,-1
22,-1
22,-1
22,-1
22,-1
22,-1
22,-1
22,-1
22,-1
22,-1
22,-1
22,-1
22,-1
22,-1
22,-1
22,-1
22,-1
22,-1
22,-1
22,-1
22,-1
22,-1
22,-1
22,-1
22,-1
22,-1
22,-1
22,-1
22,-1
22,-1
22,-1
22,-1
22,-1
22,-1
22,-1
22,-1
22,-1
22,-1
22,-1
22,28
22,-1
22,-1
22,-1
22,-1
22,-1
22,-1
22,-1
22,-1
22,-1
22,-1
22,-1
22,-1
22,-1
22,-1
22,-1
22,-1
22,-1
22,-1
22,-1
22,-1
22,-1
22,-1
22,-1
22,-1
22,-1
22,29
22,-1
22,29
22,-1
22,-1
22,-1
22,-1
22,-1
22,-1
22,-1
22,-1
22,-1
22,-1
22,27
22,-1
22,-1
22,-1
22,-1
22,-1
22,-1
22,-1
22,-1
22,-1
22,-1
22,-1
22,-1
22,-1
22,-1
22,-1
22,28
22,-1
22,-1
22,-1
22,-1
22,-1
22,-1
22,-1
22,-1
22,27
22,-1
22,29
22,-1
22,-1
22,-1
22,-1
22,-1
22,-1
22,-1
22,-1
22,-1
22,27
22,-1
22,-1
22,29
22,-1
22,-1
22,-1
22,-1
22,-1
22,27
22,-1
22,-1
22,29
22,-1
22,-1
22,-1
22,-1
22,-1
22,-1
22,-1
22,-1
22,-1
22,-1
22,-1
22,-1
22,-1
22,-1
22,-1
22,-1
22,-1
22,-1
22,-1
22,-1
22,-1
22,-1
22,-1
22,-1
22,-1
22,-1
22,-1
22,-1
22,-1
22,-1
22,-1
22,-1
22,-1
22,-1
22,-1
22,-1
22,-1
22,-1
22,-1
22,-1
22,-1
22,-1
22,-1
22,-1
22,-1
22,-1
22,-1
22,-1
22,-1
22,-1
22,-1
22,-1
22,-1
22,-1
22,-1
22,-1
22,-1
22,-1
22,-1
22,-1
22,-1
22,-1
22,-1
22,-1
22,-1
22,-1
22,-1
22,-1
22,-1
22,-1
22,-1
22,-1
22,-1
22,-1
22,-1
22,-1
22,-1
22,-1
22,-1
22,-1
22,-1
22,-1
22,-1
22,-1
22,-1
22,-1
22,-1
22,-1
22,-1
22,-1
22,-1
22,-1
22,-1
22,-1
22,27
22,-1
22,-1
22,-1
22,28
22,-1
22,-1
22,-1
22,-1
22,-1
22,-1
22,-1
22,-1
22,-1
22,-1
22,-1
22,-1
22,-1
22,-1
22,-1
22,-1
22,-1
22,-1
22,-1
22,-1
22,-1
22,-1
22,-1
22,-1
22,-1
22,-1
22,-1
22,-1
22,-1
22,-1
22,-1
22,-1
22,-1
22,-1
22,-1
22,-1
22,-1
22,-1
22,-1
22,-1
22,-1
22,-1
22,-1
22,-1
22,-1
22,-1
22,-1
22,-1
22,-1
22,-1
22,-1
22,-1
22,-1
22,-1
22,-1
22,-1
22,-1
22,-1
22,-1
22,-1
22,-1
22,-1
22,-1
22,-1
22,-1
22,-1
22,-1
22,-1
22,-1
22,-1
22,-1
22,-1
22,-1
22,-1
22,-1
22,-1
22,-1
22,-1
22,-1
22,-1
22,-1
22,-1
22,-1
23,-1
23,-1
23,-1
23,-1
23,-1
23,-1
23,-1
23,-1
23,-1
23,-1
23,-1
23,-1
23,-1
23,-1
23,-1
23,-1
23,18
23,-1
23,-1
23,-1
23,-1
23,-1
23,-1
23,-1
23,-1
23,-1
23,-1
23,-1
23,-1
23,-1
23,-1
23,-1
23,-1
23,-1
23,-1
23,-1
23,-1
23,-1
23,-1
23,-1
23,23
23,-1
23,-1
23,23
23,-1
23,-1
23,-1
23,22
23,-1
23,-1
23,-1
23,-1
23,-1
23,-1
23,-1
23,22
23,-1
23,-1
23,-1
23,-1
23,-1
23,-1
23,-1
23,-1
23,-1
23,-1
23,-1
23,-1
23,-1
23,-1
23,-1
23,-1
23,-1
23,-1
23,18
23,-1
23,18
23,-1
23,18
23,-1
23,-1
23,-1
23,-1
23,18
23,18
23,-1
23,-1
23,18
23,22
23,-1
23,-1
23,-1
23,-1
23,-1
23,-1
23,-1
23,-1
23,-1
23,-1
23,-1
23,-1
23,-1
23,-1
23,-1
23,-1
23,18
23,-1
23,-1
23,18
23,-1
23,-1
23,-1
23,-1
23,-1
23,-1
23,23
23,-1
23,-1
23,-1
23,-1
23,-1
23,-1
23,-1
23,-1
23,-1
23,18
23,18
23,-1
23,-1
23,-1
23,18
23,23
23,18
23,-1
23,18
23,18
23,-1
23,-1
23,-1
23,-1
23,-1
23,-1
23,-1
23,-1
23,-1
23,-1
23,-1
23,-1
23,-1
23,-1
23,18
23,-1
23,-1
23,18
23,-1
23,-1
23,-1
23,-1
23,-1
23,18
23,23
23,-1
23,23
23,-1
23,-1
23,-1
23,-1
23,30
23,-1
23,18
23,18
23,-1
23,-1
23,-1
23,-1
23,-1
23,23
23,30
23,23
23,23
23,23
23,18
23,18
23,-1
23,23
23,23
23,22
23,23
23,23
23,-1
23,22
23,-1
23,-1
23,18
23,-1
23,-1
23,-1
23,-1
23,-1
23,-1
23,-1
23,-1
23,-1
23,-1
23,-1
23,-1
23,-1
23,-1
23,-1
23,23
23,-1
23,23
23,23
23,-1
23,23
23,23
23,18
23,-1
23,23
23,18
23,-1
23,23
23,23
23,23
23,23
23,-1
23,-1
23,-1
23,-1
23,23
23,23
23,23
23,-1
23,23
23,23
23,-1
23,-1
23,23
23,-1
23,-1
23,-1
23,-1
23,-1
23,-1
23,-1
23,-1
23,-1
23,23
23,-1
23,30
23,23
23,-1
23,-1
23,23
23,23
23,-1
23,-1
23,-1
23,18
23,-1
23,-1
23,-1
23,-1
23,-1
23,-1
23,-1
23,-1
23,-1
23,-1
23,-1
23,-1
23,-1
23,-1
23,-1
23,-1
23,-1
23,-1
23,-1
23,-1
23,-1
23,-1
23,-1
23,-1
23,-1
23,-1
23,-1
23,-1
23,-1
23,-1
23,-1
23,-1
23,-1
23,-1
23,-1
23,-1
23,-1
23,-1
23,-1
23,-1
23,-1
23,-1
23,-1
23,-1
23,-1
23,-1
23,-1
23,-1
23,-1
24,-1
24,-1
24,-1
24,-1
24,-1
24,-1
24,-1
24,-1
24,-1
24,-1
24,-1
24,-1
24,-1
24,31
24,31
24,-1
24,-1
24,-1
24,-1
24,-1
24,31
24,-1
24,-1
24,-1
24,-1
24,-1
24,-1
24,-1
24,-1
24,-1
24,-1
24,-1
24,-1
24,-1
24,-1
24,-1
24,-1
24,-1
24,-1
24,-1
24,-1
24,-1
24,-1
24,-1
24,-1
24,-1
24,31
24,31
24,-1
24,-1
24,-1
24,-1
24,-1
24,-1
24,-1
24,-1
24,-1
24,-1
24,-1
24,32
24,-1
24,-1
24,32
24,32
24,-1
24,-1
24,-1
24,-1
24,32
24,32
24,-1
24,-1
24,-1
24,-1
24,-1
24,-1
24,-1
24,31
24,-1
24,-1
24,31
24,31
24,-1
24,-1
24,-1
24,-1
24,31
24,-1
24,-1
24,-1
24,-1
24,-1
24,-1
24,-1
24,-1
24,-1
24,-1
24,33
24,-1
24,33
24,-1
24,34
24,33
24,-1
24,31
24,-1
24,-1
24,-1
24,33
24,-1
24,-1
24,-1
24,33
24,-1
24,33
24,-1
24,33
24,31
24,-1
24,31
24,31
24,31
24,-1
24,31
24,-1
24,31
24,-1
24,31
24,31
24,-1
24,31
24,-1
24,31
24,31
24,-1
24,-1
24,31
24,31
24,31
24,31
24,31
24,31
24,-1
24,-1
24,-1
24,-1
24,31
24,-1
24,31
24,31
24,31
24,-1
24,-1
24,31
24,31
24,31
24,31
24,31
24,31
24,-1
24,31
24,31
24,31
24,-1
24,31
24,31
24,-1
24,31
24,-1
24,31
24,31
24,31
24,31
24,-1
24,-1
24,31
24,31
24,31
24,31
24,31
24,31
24,31
24,31
24,31
24,31
24,31
24,31
24,31
24,31
24,-1
24,-1
24,31
24,31
24,31
24,31
24,31
24,34
24,-1
24,-1
24,-1
24,-1
24,-1
24,-1
24,-1
24,31
24,31
24,31
24,-1
24,31
24,-1
24,-1
24,-1
24,31
24,-1
24,31
24,31
24,-1
24,-1
24,-1
24,31
24,31
24,31
24,-1
24,31
24,31
24,-1
24,-1
24,31
24,-1
24,34
24,31
24,34
24,31
24,31
24,34
24,31
24,34
24,-1
24,31
24,31
24,-1
24,-1
24,31
24,31
24,-1
24,31
24,-1
24,-1
24,-1
24,-1
24,-1
24,-1
24,-1
24,-1
24,-1
24,-1
24,-1
24,-1
24,31
24,-1
24,-1
24,-1
24,31
24,31
24,31
24,-1
24,-1
24,-1
24,-1
24,-1
24,31
24,-1
24,-1
24,-1
24,-1
24,-1
24,31
24,-1
24,-1
24,-1
24,-1
24,-1
24,-1
24,-1
24,-1
24,-1
24,-1
24,-1
24,-1
24,-1
24,-1
24,-1
24,31
24,31
24,31
24,31
24,31
24,31
24,31
24,31
24,31
24,-1
24,31
24,31
24,31
24,31
24,31
24,31
24,31
24,31
24,31
24,31
24,-1
24,31
24,31
24,-1
24,31
24,-1
24,31
24,-1
24,31
24,31
24,31
24,31
24,-1
24,31
24,-1
24,31
24,-1
24,31
24,31
24,-1
24,-1
24,31
24,31
24,31
24,31
24,31
24,31
24,31
24,-1
24,-1
24,31
24,31
24,31
24,31
24,31
24,31
24,31
24,31
24,31
24,31
24,-1
24,31
24,31
24,31
24,-1
24,-1
24,31
24,31
24,31
24,31
24,-1
24,31
24,31
24,31
24,31
24,31
24,-1
24,-1
24,31
24,-1
24,31
24,31
24,31
24,31
24,-1
24,-1
24,31
24,31
24,31
24,31
24,-1
24,31
24,31
24,31
24,31
24,31
24,31
24,31
24,31
24,-1
24,31
24,-1
24,31
24,31
24,31
24,-1
24,31
24,31
24,-1
24,31
24,31
24,-1
24,-1
24,31
24,-1
24,31
24,31
24,-1
24,31
24,-1
24,31
24,31
24,31
24,31
24,31
24,31
24,-1
24,31
24,31
24,31
24,-1
24,-1
24,31
24,-1
24,-1
24,31
24,-1
24,31
24,-1
24,-1
24,-1
24,-1
24,-1
24,-1
24,31
25,-1
25,-1
25,-1
25,35
25,-1
25,-1
25,35
25,-1
25,35
25,-1
25,35
25,35
25,35
25,-1
25,35
25,-1
25,-1
25,-1
25,-1
25,-1
25,-1
25,-1
25,-1
25,-1
25,-1
25,35
25,-1
25,-1
25,35
25,-1
26,-1
26,-1
26,-1
26,-1
26,-1
26,-1
26,-1
26,-1
26,-1
26,-1
26,-1
26,-1
26,-1
26,-1
27,-1
27,-1
27,-1
27,-1
27,-1
27,-1
27,-1
27,-1
27,-1
27,-1
27,-1
27,-1
27,-1
27,-1
27,-1
27,-1
27,-1
27,-1
27,-1
27,-1
27,-1
27,-1
27,-1
27,-1
27,-1
27,-1
27,-1
27,-1
27,-1
27,-1
27,-1
27,-1
27,-1
27,-1
27,-1
27,-1
27,-1
27,-1
27,-1
28,-1
28,-1
28,-1
28,-1
28,-1
28,-1
28,-1
28,-1
28,-1
28,-1
28,-1
28,-1
28,-1
28,-1
28,-1
28,-1
28,-1
28,-1
28,-1
28,-1
28,-1
28,-1
28,-1
28,-1
28,-1
28,-1
28,-1
28,-1
28,-1
28,-1
28,-1
28,-1
28,-1
28,-1
28,-1
28,-1
28,-1
28,-1
28,-1
28,-1
28,-1
28,-1
28,-1
28,-1
28,-1
28,-1
28,-1
28,-1
28,-1
28,-1
28,-1
28,-1
28,-1
28,-1
28,-1
28,-1
28,-1
28,-1
29,-1
29,-1
29,-1
29,-1
29,-1
29,-1
29,-1
30,-1
30,-1
30,-1
30,-1
30,-1
30,-1
30,-1
30,-1
30,-1
30,-1
30,-1
30,-1
30,-1
30,-1
30,-1
30,-1
30,-1
30,-1
30,-1
30,-1
30,-1
30,-1
30,-1
30,-1
30,-1
31,-1
31,-1
31,-1
31,-1
31,-1
31,-1
31,-1
31,-1
31,-1
31,-1
31,-1
31,-1
31,-1
31,-1
31,-1
31,-1
31,-1
31,-1
31,-1
31,-1
31,-1
32,-1
32,-1
32,-1
32,-1
32,-1
32,-1
32,-1
32,-1
32,-1
32,-1
32,-1
32,-1
32,-1
32,-1
32,-1
32,-1
32,-1
32,-1
32,-1
32,-1
32,-1
32,-1
32,-1
32,-1
32,-1
32,-1
32,-1
32,-1
32,-1
32,-1
32,-1
32,-1
32,-1
32,-1
32,-1
32,-1
33,-1
33,-1
33,-1
33,-1
33,-1
33,-1
33,-1
33,-1
33,-1
34,36
34,-1
34,-1
34,-1
34,-1
34,-1
34,-1
34,-1
34,36
34,-1
34,-1
34,-1
34,36
34,-1
34,-1
34,-1
34,-1
34,36
34,-1
34,-1
34,-1
34,36
34,-1
34,-1
34,36
34,-1
34,-1
34,-1
34,-1
34,36
34,-1
34,-1
35,-1
35,-1
35,-1
35,-1
35,-1
35,-1
35,-1
35,-1
35,-1
35,-1
35,-1
35,-1
35,-1
35,-1
35,-1
35,-1
35,-1
35,-1
35,-1
35,-1
35,-1
35,-1
35,-1
35,-1
35,-1
35,-1
35,-1
35,-1
35,-1
35,-1
35,-1
35,-1
35,-1
35,-1
35,-1
35,-1
35,-1
35,-1
35,-1
36,-1
36,-1
36,-1
36,-1
36,-1
36,-1
36,-1
36,-1
36,-1
36,-1
36,-1
36,-1
36,-1
36,-1
36,-1
36,-1
36,-1
36,-1
36,-1
36,-1
36,-1
36,-1
36,-1
36,-1
36,-1
36,-1
36,-1
36,-1
36,-1
36,-1
36,-1
36,-1
36,-1
36,-1
36,-1
36,-1
36,-1
36,-1
36,-1
36,-1
36,-1
36,-1
36,-1
36,-1
36,-1
36,-1
36,-1
36,-1
36,-1
36,-1
36,-1
36,-1
36,-1
36,-1
36,-1
36,-1
36,-1
36,-1
36,-1
36,-1
36,-1
36,-1
36,-1
36,-1
36,-1
36,-1
36,-1
36,-1
36,-1
36,-1
36,-1
36,-1
36,-1
36,-1
36,-1
36,-1
36,-1
36,-1
36,-1
36,-1
36,-1
36,-1
36,-1
36,-1
36,-1
36,-1
36,-1
36,-1
36,-1
36,-1
36,-1
36,-1
36,-1
36,-1
36,-1
36,-1
36,-1
36,-1
36,-1
36,-1
36,-1
36,-1
36,-1
36,-1
36,-1
36,-1
36,-1
36,-1
36,-1
36,-1
36,-1
36,-1
36,-1
36,-1
36,-1
36,-1
36,-1
36,-1
36,-1
36,-1
36,-1
36,-1
36,-1
36,-1
36,-1
36,-1
36,-1
36,-1
36,-1
36,-1
36,-1
36,-1
36,-1
36,-1
36,-1
36,-1
36,-1
36,-1
36,-1
36,-1
36,-1
36,-1
36,-1
36,-1
36,-1
36,-1
36,-1
36,-1
36,-1
36,-1
36,-1
36,-1
36,-1
36,-1
36,-1
36,-1
36,-1
36,-1
36,-1
36,-1
36,-1
36,-1
36,-1
36,-1
36,-1
36,-1
36,-1
36,-1
36,-1
36,-1
36,-1
36,-1
36,-1
36,-1
36,-1
36,-1
36,-1
36,-1
36,-1
36,-1
36,-1
36,-1
36,-1
36,-1
36,-1
36,-1
36,-1
36,-1
36,-1
36,-1
36,-1
36,-1
36,-1
36,-1
36,-1
36,-1
36,-1
36,-1
36,-1
36,-1
36,-1
36,-1
36,-1
36,-1
36,-1
36,-1
36,-1
36,-1
36,-1
36,-1
36,-1
36,-1
36,-1
36,-1
36,-1
36,-1
36,-1
36,-1
36,-1
36,-1
36,-1
36,-1
36,-1
36,-1
36,-1
36,-1
36,-1
36,-1
36,-1
36,-1
36,-1
36,-1
36,-1
36,-1
36,-1
36,-1
36,-1
36,-1
36,-1
36,-1
36,-1
36,-1
36,-1
36,-1
36,-1
36,-1
36,-1
36,-1
36,-1
36,-1
36,-1
36,-1
36,-1
36,-1
36,-1
36,-1
36,-1
36,-1
36,-1
37,-1
37,-1
37,-1
37,-1
37,-1
37,-1
37,-1
37,-1
37,-1
37,-1
37,-1
37,-1
37,-1
37,-1
37,-1
37,-1
37,-1
37,-1
37,-1
37,-1
37,-1
37,-1
37,-1
37,-1
37,-1
37,-1
37,-1
37,-1
37,-1
37,-1
37,-1
37,-1
37,-1
37,-1
37,-1
37,-1
37,-1
37,-1
37,-1
37,-1
37,-1
37,-1
37,-1
37,-1
37,-1
37,-1
37,-1
37,-1
37,-1
37,-1
37,-1
37,-1
37,-1
37,-1
37,-1
37,-1
37,-1
37,-1
37,-1
37,-1
37,-1
37,-1
37,-1
37,-1
37,-1
37,-1
37,-1
37,-1
37,-1
37,-1
37,-1
37,-1
37,-1
37,-1
37,-1
37,-1
37,-1
37,-1
37,-1
37,-1
37,-1
37,-1
37,-1
37,-1
37,-1
37,-1
37,-1
37,-1
37,-1
37,-1
37,-1
37,-1
37,-1
37,-1
37,-1
37,-1
37,-1
37,-1
37,-1
37,-1
37,-1
37,-1
37,-1
37,-1
37,-1
37,-1
37,-1
37,-1
37,-1
37,-1
37,-1
37,-1
37,-1
37,-1
37,-1
37,-1
37,-1
37,-1
37,-1
37,-1
37,-1
37,-1
37,-1
37,-1
37,-1
37,-1
37,-1
37,-1
37,-1
37,-1
37,-1
37,-1
37,-1
37,-1
37,-1
37,-1
37,-1
37,-1
37,-1
37,-1
37,-1
37,-1
37,-1
37,-1
37,-1
38,-1
38,-1
38,-1
38,-1
38,-1
38,-1
38,-1
38,-1
38,-1
38,-1
38,-1
38,-1
38,-1
38,-1
38,-1
38,-1
38,-1
38,-1
38,-1
38,-1
38,-1
38,-1
38,-1
38,-1
38,-1
38,-1
38,-1
38,-1
38,-1
38,-1
38,-1
38,-1
38,-1
38,-1
38,-1
38,-1
38,-1
38,-1
38,-1
38,-1
38,-1
38,-1
38,-1
38,-1
38,-1
38,-1
38,-1
38,-1
38,-1
38,-1
38,-1
38,-1
38,-1
38,-1
38,-1
38,-1
38,-1
38,-1
39,-1
39,-1
39,-1
39,-1
39,-1
39,-1
39,-1
39,-1
39,-1
39,-1
40,-1
40,37
40,-1
40,-1
40,-1
40,37
40,-1
40,-1
40,-1
40,38
40,37
40,-1
40,-1
40,38
40,37
40,37
40,-1
40,38
40,37
40,38
40,-1
40,-1
40,37
40,-1
40,38
40,37
40,-1
40,37
40,37
40,-1
40,37
40,37
40,-1
40,-1
40,37
40,-1
40,37
40,37
40,-1
40,37
40,37
40,37
40,-1
40,37
40,-1
40,-1
40,37
40,37
40,38
40,37
40,37
40,-1
40,38
40,38
40,-1
40,37
40,-1
40,-1
40,38
40,37
40,-1
40,38
40,37
40,37
40,-1
40,37
40,37
40,38
40,-1
40,37
40,38
40,38
40,37
40,-1
40,37
40,37
40,38
40,38
40,37
40,37
40,-1
40,38
40,37
40,37
40,38
40,37
40,38
40,-1
40,38
40,38
40,37
40,-1
40,-1
40,-1
40,-1
40,37
40,-1
40,38
40,37
40,38
40,-1
40,37
40,38
40,37
40,-1
40,-1
40,38
40,38
40,37
40,-1
40,38
40,38
40,37
40,-1
40,38
40,37
40,38
40,-1
40,37
40,-1
40,38
40,38
40,37
40,37
40,-1
40,38
40,37
40,38
40,38
40,37
40,37
40,38
40,38
40,37
40,-1
40,38
40,37
40,37
40,37
40,-1
40,-1
40,-1
40,-1
40,-1
40,-1
40,38
40,-1
40,-1
40,-1
40,37
40,38
40,38
40,37
40,-1
40,38
40,37
40,38
40,-1
40,38
40,38
40,37
40,-1
40,38
40,38
40,37
40,-1
40,38
40,37
40,-1
40,38
40,38
40,38
40,37
40,-1
40,38
40,37
40,-1
40,38
40,37
40,38
40,-1
40,37
40,37
40,38
40,37
40,37
40,37
40,-1
40,37
40,37
40,-1
40,37
40,37
40,38
40,37
40,37
40,37
40,37
40,-1
40,38
40,37
40,38
40,-1
40,37
40,38
40,38
40,37
40,37
40,-1
40,38
40,-1
40,37
40,-1
40,-1
40,-1
40,-1
40,-1
40,37
40,37
40,-1
40,37
40,37
40,-1
40,-1
40,37
40,38
40,-1
40,-1
40,37
40,38
40,38
40,38
40,-1
40,38
40,37
40,38
40,37
40,38
40,37
40,38
40,37
40,37
40,38
40,37
40,37
40,-1
40,38
40,38
40,37
40,-1
40,38
40,38
40,38
40,37
40,38
40,37
40,-1
40,38
40,38
40,37
40,-1
40,38
40,38
40,38
40,37
40,38
40,38
40,37
40,-1
40,-1
40,38
40,-1
40,37
40,38
40,-1
40,-1
40,38
40,37
40,38
40,37
40,38
40,37
40,38
40,37
40,37
40,-1
40,38
40,-1
40,38
40,37
40,-1
40,38
40,38
40,38
40,37
40,37
40,38
40,38
40,37
40,37
40,-1
40,38
40,37
40,38
40,37
40,37
40,37
40,38
40,38
40,37
40,37
40,38
40,38
40,37
40,37
40,-1
40,38
40,38
40,37
40,-1
40,38
40,37
40,38
40,-1
40,37
40,38
41,37
41,-1
41,37
41,37
41,37
41,37
41,37
41,37
41,37
41,37
41,-1
41,-1
41,37
41,37
41,37
41,-1
41,37
41,-1
41,-1
41,37
41,37
41,37
41,37
41,37
41,37
41,37
41,37
41,-1
41,37
41,-1
41,37
41,-1
41,37
41,37
41,-1
41,-1
41,-1
41,-1
41,-1
41,37
41,-1
41,-1
41,37
41,37
41,-1
41,-1
41,-1
41,-1
41,-1
41,-1
41,-1
41,-1
41,-1
41,-1
41,-1
41,38
41,39
41,-1
41,-1
41,-1
41,-1
41,-1
41,39
41,-1
41,-1
41,-1
41,-1
41,-1
41,-1
41,-1
41,-1
41,39
41,-1
41,-1
41,39
41,39
41,39
41,-1
41,-1
41,39
41,-1
41,37
41,-1
41,37
41,-1
41,-1
41,-1
41,-1
41,-1
41,-1
41,37
41,37
41,-1
41,-1
41,-1
41,-1
41,37
41,37
41,37
41,-1
41,37
41,37
41,-1
41,37
41,-1
41,-1
41,-1
41,-1
41,37
41,-1
41,37
41,37
41,-1
41,-1
41,37
41,-1
41,-1
41,-1
41,-1
41,-1
41,37
41,-1
41,-1
41,38
41,37
41,37
41,-1
41,-1
41,-1
41,37
41,37
41,37
41,37
41,-1
41,-1
41,-1
41,-1
41,-1
41,37
41,-1
41,37
41,-1
41,-1
41,-1
41,-1
41,37
41,37
41,37
41,-1
41,-1
41,-1
41,-1
41,37
41,37
41,37
41,37
41,37
41,37
41,-1
41,37
41,37
41,37
41,-1
41,-1
41,37
41,37
41,37
41,37
41,-1
41,-1
41,37
41,37
41,-1
41,-1
41,37
41,37
41,37
41,-1
41,37
41,37
41,37
41,37
41,37
41,-1
41,-1
41,37
41,37
41,37
41,37
41,-1
41,37
41,37
41,37
41,37
41,37
41,37
41,37
41,37
41,37
41,-1
41,37
41,37
41,37
41,-1
41,37
41,37
41,37
41,37
41,37
41,-1
41,-1
41,-1
41,-1
41,37
41,37
41,37
41,37
41,-1
41,37
41,37
41,37
41,37
41,-1
41,37
41,-1
41,-1
41,-1
41,-1
41,37
41,37
41,37
41,-1
41,37
41,-1
41,37
41,37
41,-1
41,37
41,37
41,37
41,-1
41,37
41,37
41,37
41,37
41,37
41,37
41,37
41,37
41,37
41,37
41,37
41,37
41,37
41,37
41,37
41,-1
41,37
41,37
41,37
41,37
41,37
41,37
41,37
41,37
41,37
41,37
41,-1
41,-1
41,37
41,-1
41,37
41,-1
41,37
41,37
41,37
41,37
41,37
41,37
41,37
41,37
41,37
41,-1
41,37
41,37
41,-1
41,37
41,37
41,37
41,37
41,-1
41,37
41,37
41,37
41,37
41,37
41,37
41,37
41,-1
41,37
41,37
41,37
41,37
41,37
41,-1
41,-1
41,37
41,37
41,37
41,37
41,37
41,-1
41,37
41,37
41,-1
41,37
41,37
41,-1
41,37
41,37
41,37
41,-1
41,-1
41,37
41,37
41,-1
41,37
41,-1
41,-1
41,-1
41,-1
41,37
41,-1
41,-1
41,37
41,-1
41,-1
41,-1
41,-1
41,-1
41,37
41,-1
41,37
41,37
41,-1
41,-1
41,-1
41,37
41,37
41,37
41,37
41,37
41,-1
41,37
41,37
41,-1
41,37
41,37
41,-1
41,37
41,-1
41,-1
41,-1
41,-1
41,-1
41,37
42,37
42,38
42,38
42,37
42,-1
42,-1
42,38
42,-1
42,37
42,38
42,38
42,37
42,38
42,37
42,38
42,38
42,38
42,-1
42,38
42,-1
42,-1
42,37
42,-1
42,-1
42,37
42,37
42,-1
42,37
42,38
42,37
42,-1
42,-1
42,-1
42,38
42,37
42,-1
42,37
42,37
42,-1
42,-1
42,37
42,-1
42,-1
42,-1
42,38
42,38
42,37
42,38
42,38
42,38
42,37
42,-1
42,38
42,37
42,-1
42,38
42,37
42,-1
42,38
42,38
42,38
42,37
42,-1
42,-1
42,38
42,-1
42,38
42,37
42,37
42,38
42,38
42,38
42,37
42,37
42,38
42,-1
42,37
42,38
42,38
42,37
42,37
42,38
42,38
42,37
42,38
42,38
42,37
42,37
42,38
42,38
42,37
42,38
42,38
42,-1
42,38
42,38
42,37
42,-1
42,38
42,38
42,37
42,38
42,38
42,38
42,-1
42,38
42,38
42,37
42,38
42,38
42,37
42,38
42,38
42,38
42,-1
42,38
42,38
42,38
42,38
42,37
42,38
42,38
42,37
42,38
42,38
42,37
42,38
42,38
42,38
42,37
42,37
42,-1
42,-1
42,-1
42,-1
42,38
42,37
42,38
42,38
42,38
42,37
42,38
42,38
42,38
42,37
42,38
42,38
42,37
42,-1
42,-1
42,38
42,38
42,37
42,-1
42,-1
42,38
42,38
42,37
42,-1
42,38
42,37
42,37
42,37
42,-1
42,37
42,37
42,-1
42,-1
42,-1
42,37
42,37
42,37
42,37
42,37
42,-1
42,38
42,38
42,37
42,37
42,38
42,38
42,38
42,37
42,-1
42,38
42,38
42,37
42,37
42,38
42,38
42,-1
42,38
42,37
42,38
42,38
42,-1
42,37
42,38
42,38
42,-1
42,-1
42,-1
42,37
42,-1
42,-1
42,37
42,-1
42,38
42,38
42,37
42,38
42,38
42,37
42,38
42,38
42,37
42,38
42,-1
42,37
42,38
42,-1
42,37
42,38
42,38
42,37
42,38
42,38
42,37
42,-1
42,38
42,-1
42,-1
42,37
42,-1
42,-1
42,-1
42,37
42,-1
42,-1
42,38
42,38
42,37
42,38
42,38
42,38
42,37
42,37
42,37
42,38
42,-1
42,37
42,38
42,38
42,37
42,38
42,38
42,38
42,-1
42,38
42,38
42,37
42,-1
42,-1
42,-1
42,38
42,38
42,38
42,37
42,-1
42,38
42,38
42,37
42,37
42,-1
42,38
42,38
42,37
42,-1
42,38
42,-1
42,38
42,37
42,37
42,-1
42,38
42,38
42,-1
42,38
42,37
42,38
42,38
42,37
42,38
42,-1
42,38
42,37
42,-1
42,-1
42,38
42,37
42,-1
42,38
42,38
42,37
42,38
42,38
42,38
42,38
42,37
42,38
42,38
42,37
42,38
42,-1
42,37
42,38
42,38
42,37
42,-1
42,38
42,38
42,38
42,37
42,-1
42,38
42,-1
42,-1
42,37
42,37
43,-1
43,-1
43,-1
43,37
43,-1
43,-1
43,37
43,37
43,-1
43,-1
43,37
43,37
43,38
43,37
43,37
43,37
43,37
43,38
43,-1
43,37
43,-1
43,38
43,37
43,37
43,37
43,38
43,38
43,37
43,-1
43,-1
43,37
43,37
43,-1
43,-1
43,-1
43,38
43,37
43,37
43,-1
43,37
43,-1
43,-1
43,37
43,-1
43,38
43,37
43,37
43,-1
43,38
43,37
43,38
43,-1
43,-1
43,37
43,-1
43,-1
43,-1
43,-1
43,37
43,37
43,-1
43,38
43,-1
43,37
43,38
43,38
43,37
43,-1
43,38
43,-1
43,-1
43,-1
43,-1
43,-1
43,37
43,-1
43,-1
43,-1
43,-1
43,37
43,-1
43,-1
43,-1
43,37
43,37
43,-1
43,37
43,37
43,37
43,37
43,-1
43,-1
43,-1
43,-1
43,37
43,-1
43,-1
43,-1
43,-1
43,37
44,-1
44,-1
44,-1
44,-1
44,-1
44,-1
44,-1
44,-1
44,-1
44,-1
44,-1
44,-1
44,-1
44,-1
44,-1
45,-1
45,-1
45,-1
45,-1
45,-1
45,-1
45,-1
45,-1
45,-1
45,-1
45,-1
45,-1
45,-1
45,-1
45,-1
45,-1
45,-1
45,-1
45,-1
45,-1
45,-1
45,-1
45,-1
45,-1
45,-1
45,-1
45,-1
45,-1
46,-1
46,-1
46,-1
46,-1
46,-1
46,-1
46,-1
46,-1
46,-1
46,-1
46,-1
46,-1
46,-1
46,-1
46,-1
46,-1
46,-1
46,-1
46,-1
46,-1
46,-1
46,-1
47,-1
47,-1
47,-1
47,-1
47,-1
47,-1
47,-1
47,-1
47,-1
47,-1
47,-1
47,-1
47,-1
47,-1
47,-1
47,-1
47,-1
47,-1
47,-1
47,-1
47,-1
47,-1
47,-1
47,-1
47,-1
47,-1
47,-1
47,-1
47,-1
47,-1
47,-1
47,-1
47,-1
47,-1
47,-1
47,-1
47,-1
47,-1
47,-1
47,-1
47,-1
47,-1
47,-1
47,-1
47,-1
47,-1
47,-1
47,-1
47,-1
47,-1
47,-1
47,-1
47,-1
47,-1
47,-1
47,-1
47,-1
47,-1
47,-1
47,-1
47,-1
47,-1
47,-1
47,-1
47,-1
47,-1
47,-1
47,-1
47,-1
47,-1
47,-1
47,-1
47,-1
47,-1
47,-1
47,-1
47,-1
47,-1
47,-1
47,-1
47,-1
47,-1
47,-1
47,-1
47,-1
47,-1
47,-1
47,-1
47,-1
47,-1
47,-1
47,-1
47,-1
47,-1
47,-1
47,-1
47,-1
47,-1
47,-1
47,-1
47,-1
47,-1
47,-1
47,-1
47,-1
47,-1
47,-1
47,-1
47,-1
47,-1
47,-1
47,-1
47,-1
47,-1
47,-1
47,-1
47,-1
47,-1
47,-1
47,-1
47,-1
47,-1
47,-1
47,-1
47,-1
47,-1
47,-1
47,-1
47,-1
47,-1
47,-1
47,-1
47,-1
47,-1
47,-1
47,-1
47,-1
47,-1
47,-1
47,-1
47,-1
47,-1
47,-1
47,-1
47,-1
47,-1
47,-1
47,-1
47,-1
47,-1
47,-1
47,-1
47,-1
47,-1
47,-1
47,-1
47,-1
47,-1
47,-1
47,-1
47,-1
47,-1
47,-1
47,-1
47,-1
47,-1
47,-1
47,-1
47,-1
47,-1
47,-1
47,-1
47,-1
47,-1
47,-1
47,-1
47,-1
47,-1
47,-1
47,-1
47,-1
47,-1
47,-1
47,-1
47,-1
47,-1
47,-1
47,-1
47,-1
47,-1
47,-1
47,-1
47,-1
47,-1
47,-1
47,-1
47,-1
47,-1
47,-1
47,-1
47,-1
47,-1
47,-1
47,-1
47,-1
48,-1
48,-1
48,41
49,-1
49,-1
49,-1
49,-1
49,-1
49,-1
49,-1
49,-1
49,-1
49,-1
49,40
49,40
49,40
49,-1
49,-1
49,-1
49,-1
49,-1
49,-1
49,-1
49,40
49,40
49,40
49,-1
49,-1
49,-1
49,-1
49,40
49,40
49,40
49,-1
49,-1
49,-1
49,-1
49,40
49,40
49,40
49,40
49,40
49,40
49,40
49,-1
49,-1
49,-1
49,40
49,40
49,40
49,-1
49,-1
49,-1
49,-1
49,-1
49,40
49,-1
49,-1
49,-1
50,-1
50,-1
50,41
50,-1
50,-1
50,-1
50,-1
50,-1
50,-1
50,-1
50,-1
50,-1
50,-1
50,41
50,41
50,-1
50,-1
50,-1
50,-1
50,-1
50,-1
50,-1
50,41
50,41
50,-1
50,-1
50,-1
50,-1
50,-1
50,-1
50,-1
50,41
50,41
50,41
50,41
50,-1
50,-1
50,41
50,41
50,41
50,-1
50,41
50,41
50,41
50,41
50,-1
50,-1
50,-1
50,41
50,41
50,41
50,-1
50,-1
50,-1
50,-1
51,42
51,42
51,42
51,42
51,42
51,42
51,42
51,42
51,-1
51,-1
51,-1
51,42
52,42
52,-1
52,42
52,42
52,42
52,42
52,42
52,42
53,42
53,42
53,42
53,42
53,42
53,42
53,42
53,-1
53,42
53,42
53,-1
53,-1
53,-1
53,-1
53,42
53,42
53,42
53,-1
53,42
53,42
53,42
53,42
53,42
53,42
53,42
53,42
53,42
53,-1
53,42
53,42
53,42
53,42
53,42
53,42
53,42
53,42
53,42
53,42
53,42
53,42
53,42
53,42
53,42
53,42
53,42
54,-1
54,-1
55,-1
56,-1
56,-1
56,-1
56,43
56,43
56,-1
56,43
56,43
56,-1
56,-1
56,43
56,-1
56,43
56,43
56,43
56,43
56,43
56,43
56,43
56,43
56,43
56,43
56,-1
56,43
56,43
56,43
56,43
56,43
56,43
56,43
56,-1
56,43
56,43
56,43
56,-1
56,43
56,-1
56,43
56,43
56,-1
56,43
56,43
56,-1
56,43
56,43
56,43
56,43
56,43
56,43
56,-1
56,43
56,-1
57,-1
57,-1
57,-1
57,-1
57,-1
57,-1
57,-1
57,-1
57,-1
57,-1
57,-1
57,-1
57,-1
57,-1
57,-1
57,-1
57,-1
57,-1
58,-1
58,-1
58,-1
58,-1
58,-1
58,-1
58,-1
58,-1
58,-1
58,-1
58,-1
58,-1
58,-1
58,-1
58,-1
58,-1
58,-1
58,-1
58,-1
58,-1
58,-1
58,-1
58,-1
58,-1
58,-1
58,-1
58,-1
58,-1
58,-1
58,-1
58,-1
58,-1
58,-1
58,-1
58,-1
58,-1
58,-1
59,-1
59,-1
59,-1
59,-1
59,-1
59,-1
59,-1
59,-1
59,-1
59,-1
59,-1
59,-1
59,-1
59,-1
59,-1
59,-1
59,-1
59,-1
59,-1
59,-1
59,-1
60,-1
60,-1
60,-1
60,-1
60,-1
60,-1
60,-1
60,-1
60,-1
60,-1
60,-1
60,-1
60,-1
60,-1
60,-1
60,-1
60,-1
60,-1
60,-1
60,-1
