RecordID,kmeans_label
1,3
1,3
1,3
1,3
1,3
1,3
1,3
1,3
1,3
1,3
1,3
1,3
1,3
1,3
1,3
1,3
1,3
1,3
1,3
1,3
1,3
1,3
1,3
1,3
1,3
1,3
1,3
1,3
1,3
1,3
1,3
1,3
1,3
1,3
1,3
1,3
1,3
1,3
1,3
1,3
1,3
1,3
1,3
1,3
1,3
1,3
1,3
1,3
1,3
1,3
1,3
1,3
2,3
2,3
2,3
2,3
2,3
2,3
2,3
2,3
2,3
2,3
2,3
2,3
2,3
2,3
2,3
2,3
2,3
2,3
2,3
2,3
2,1
2,1
2,3
2,3
2,3
2,1
2,3
2,3
2,3
2,3
2,3
2,3
2,3
2,3
2,3
2,3
2,3
2,3
2,3
2,3
2,3
2,3
2,3
2,3
2,3
2,3
2,3
2,3
2,3
2,3
2,3
2,3
2,3
2,3
3,3
3,3
3,3
3,3
3,3
3,3
3,3
3,3
3,3
3,3
3,3
3,3
3,3
3,3
3,3
3,3
3,3
3,3
3,3
3,3
3,3
3,3
4,3
4,3
4,3
4,3
4,3
4,3
4,3
4,3
4,3
4,3
4,3
4,3
4,3
4,3
4,3
4,3
4,3
4,3
4,3
4,3
4,3
4,3
4,3
4,3
4,3
4,3
4,3
4,3
4,3
4,3
4,3
4,3
4,3
4,3
4,3
4,3
4,3
4,3
4,3
4,3
4,3
4,3
4,3
4,3
4,3
4,3
4,3
4,3
4,3
4,3
4,3
4,3
4,3
4,3
4,3
4,3
4,3
4,3
4,3
4,3
4,3
4,3
4,3
4,3
4,3
4,3
4,3
4,3
4,3
4,3
4,3
4,3
4,3
4,3
4,3
4,3
4,3
4,3
4,3
4,3
4,3
4,3
4,3
4,3
4,3
4,3
4,3
4,3
5,3
5,3
5,3
5,3
5,3
5,3
5,3
5,3
5,3
5,3
5,3
5,3
5,3
5,3
5,3
5,3
5,3
5,3
5,3
5,3
5,3
5,3
5,3
5,3
6,3
6,1
6,3
6,1
6,3
6,3
6,3
6,3
6,2
6,3
6,3
6,1
6,3
6,3
6,3
6,1
6,3
6,3
6,3
6,3
6,3
6,3
6,1
6,3
6,2
6,3
6,3
6,3
6,3
6,3
6,3
6,3
6,3
6,3
6,3
6,3
6,3
6,3
6,3
6,3
6,3
6,3
6,3
7,3
7,3
7,3
7,3
7,3
7,3
7,3
7,3
7,3
7,3
7,3
7,3
7,3
7,3
7,3
7,3
7,3
8,2
8,2
8,2
8,2
8,2
8,2
8,2
8,2
8,2
8,2
8,2
8,2
8,2
8,2
8,2
8,2
8,2
8,2
8,2
8,2
8,2
8,2
8,2
8,2
8,2
8,2
8,2
8,2
8,2
8,2
8,2
8,2
8,2
8,2
8,2
8,2
8,2
8,2
8,2
8,2
8,2
8,2
8,2
8,2
8,2
8,2
8,2
8,2
8,2
8,2
8,2
8,2
8,2
8,2
8,2
8,2
8,2
8,2
8,2
8,2
8,2
8,2
8,2
8,2
8,2
8,2
8,2
8,2
8,2
8,2
8,2
8,2
8,2
8,2
8,2
8,2
8,2
8,2
8,2
8,2
8,2
8,2
8,2
8,2
8,2
8,2
8,2
8,2
8,2
8,2
8,2
8,2
8,2
8,2
8,2
8,2
8,2
8,2
8,2
8,2
8,2
8,2
8,2
8,2
8,2
8,2
8,2
8,2
8,2
8,2
8,2
8,2
8,2
8,2
8,2
8,2
8,2
8,2
8,2
8,2
8,2
8,2
8,2
8,2
8,2
8,2
8,2
8,2
8,2
8,2
8,2
8,2
8,2
8,2
8,2
8,2
8,2
8,1
8,2
8,1
8,2
8,2
8,2
8,2
8,2
8,2
8,2
8,2
8,2
8,2
8,2
8,2
8,2
8,2
8,2
8,2
8,2
8,2
8,2
8,2
8,2
8,2
8,2
8,1
8,2
8,2
8,2
8,2
8,2
8,2
8,2
8,2
8,2
8,2
8,2
8,2
8,2
8,2
8,2
8,2
8,2
8,2
8,2
8,2
8,2
8,2
8,2
8,2
8,2
8,2
8,2
8,2
8,2
8,2
8,2
8,2
8,2
8,2
8,2
8,2
8,2
8,2
8,2
8,2
8,2
8,2
8,2
8,2
8,2
8,2
8,2
8,2
8,2
8,2
8,2
8,2
8,2
8,2
8,2
8,2
8,2
8,2
8,2
8,2
8,2
8,2
8,2
8,2
8,2
8,2
8,2
8,2
8,2
8,2
8,2
8,2
8,2
8,2
8,2
8,2
8,2
8,2
8,2
8,2
8,2
8,2
8,2
8,2
8,2
8,2
8,2
8,2
8,2
8,2
8,2
8,1
8,2
8,1
8,2
8,2
8,2
8,2
8,2
8,2
8,1
8,2
8,2
8,2
8,2
8,2
8,2
8,2
8,2
8,2
8,2
8,2
8,2
8,2
8,2
8,2
8,2
8,2
8,2
8,2
8,2
8,2
8,2
8,2
8,2
8,2
8,2
8,2
8,2
8,2
8,2
8,2
8,2
8,2
8,2
8,2
8,2
8,2
8,2
8,2
8,2
8,2
8,2
8,2
8,2
8,2
8,2
8,2
8,2
8,2
8,2
8,2
8,2
8,2
8,2
8,2
8,2
8,2
8,2
8,2
8,2
8,2
8,2
8,2
8,2
8,2
8,2
8,2
8,2
8,2
8,2
8,2
8,2
8,2
8,2
8,2
8,2
8,2
8,2
8,2
8,2
8,2
8,2
8,2
8,2
8,2
8,2
8,2
8,2
8,2
8,2
8,2
8,2
8,2
8,2
8,2
8,2
8,2
8,2
8,2
8,2
8,2
8,2
8,2
8,2
8,2
8,2
8,2
9,2
9,2
9,2
9,2
9,2
9,2
9,2
9,2
9,2
9,2
9,2
9,2
9,2
9,2
9,2
9,2
9,2
9,2
9,2
9,2
9,2
9,2
9,2
9,2
9,2
9,2
9,2
9,2
9,2
9,2
9,2
9,2
9,2
9,2
9,2
9,2
9,2
9,2
9,2
9,2
9,2
9,2
9,2
9,2
9,3
9,3
9,2
9,2
9,2
9,2
9,2
9,2
9,1
9,3
9,2
9,1
9,2
9,1
9,2
9,2
9,2
9,2
9,2
9,2
9,2
9,2
9,2
9,2
10,3
10,3
10,3
10,3
10,3
10,3
10,3
10,3
10,3
10,3
10,3
10,3
10,3
10,3
10,3
10,3
10,3
10,3
10,3
10,3
10,3
10,3
10,3
10,3
10,3
10,3
10,3
10,3
10,3
10,3
10,3
10,3
10,3
10,3
10,3
10,3
10,3
10,3
10,3
10,3
10,3
10,3
10,3
10,3
10,3
10,3
10,3
10,3
10,3
10,3
10,3
10,3
10,3
10,3
10,3
10,3
10,3
10,3
10,3
10,3
10,3
10,3
10,3
10,3
10,3
10,3
10,3
10,3
10,3
10,3
10,3
10,3
10,3
10,3
10,3
10,3
10,3
10,3
10,3
10,3
10,3
10,3
10,3
10,3
10,3
10,3
10,3
10,3
10,3
10,3
10,3
10,3
10,3
10,3
10,3
10,3
11,3
11,3
11,3
11,3
11,3
11,3
11,3
11,3
11,3
11,3
11,3
11,3
11,3
11,3
11,3
11,3
11,3
11,3
11,3
11,3
11,3
11,3
11,3
11,3
11,3
11,3
11,3
11,3
11,3
11,3
11,3
11,3
11,3
11,3
11,3
11,3
11,3
11,3
11,3
11,3
11,3
11,3
11,3
11,3
11,3
11,3
11,3
11,3
11,3
11,3
11,3
11,3
11,3
11,3
11,3
11,3
11,3
11,3
11,3
11,3
11,3
11,3
11,3
11,3
11,3
11,3
11,3
11,3
11,3
11,3
11,3
11,3
11,3
11,3
11,3
11,3
11,3
11,3
11,3
11,3
11,3
11,3
11,3
11,3
11,3
11,3
11,3
11,3
11,3
11,3
11,1
11,1
11,3
11,3
11,3
11,3
11,3
11,3
11,3
11,3
11,3
11,3
11,3
11,3
11,3
11,1
11,3
11,3
11,3
11,3
11,3
11,3
11,3
11,3
11,3
11,3
11,3
11,3
11,3
11,3
11,3
11,3
11,3
11,3
11,3
11,3
11,3
11,3
11,3
11,3
11,3
11,3
11,3
11,3
11,3
11,3
11,3
11,3
11,3
11,3
11,3
11,1
11,3
11,3
11,3
11,3
11,3
11,3
11,3
11,3
11,3
11,3
11,3
11,3
11,3
11,3
11,3
12,2
12,2
12,2
12,2
12,2
12,2
12,2
12,2
12,2
12,2
12,2
12,2
12,2
12,2
12,2
12,2
12,2
12,2
12,2
12,2
12,2
12,2
12,2
12,2
12,2
12,2
12,2
12,2
12,2
12,2
12,2
12,2
12,2
12,2
12,2
12,2
12,2
12,2
12,2
12,2
12,2
12,2
12,2
12,2
12,2
12,2
12,2
12,2
12,2
12,2
12,2
12,2
12,2
12,2
12,2
12,2
12,2
12,2
13,2
13,1
13,2
13,2
13,2
13,2
13,2
13,2
13,2
13,2
13,3
13,3
13,2
13,2
13,2
13,2
13,2
13,2
13,2
13,2
13,2
13,2
13,2
13,2
13,2
13,2
13,2
13,2
13,2
13,2
13,2
13,2
13,2
13,2
13,2
13,2
13,2
13,2
13,2
13,2
13,2
13,2
13,2
13,2
13,2
13,2
13,2
13,2
13,2
13,2
13,2
13,2
13,2
13,2
13,2
13,2
13,2
13,2
13,2
13,2
13,2
13,2
13,2
13,2
13,2
13,2
13,2
13,2
13,2
13,2
13,2
13,3
13,2
13,2
13,2
13,2
13,2
13,2
13,2
13,3
13,2
13,2
13,2
13,2
13,2
13,2
13,2
13,3
13,3
13,3
13,2
13,2
13,2
13,2
13,2
13,2
13,2
13,3
13,3
13,2
13,2
13,2
13,2
13,2
13,2
13,2
13,2
13,1
13,2
13,2
13,2
13,2
13,2
13,2
13,2
13,2
13,2
13,2
13,2
13,2
13,2
13,2
13,2
13,2
13,2
13,2
13,2
13,2
13,2
13,2
13,2
13,2
13,2
13,2
13,2
13,2
13,2
13,2
13,2
13,2
13,2
13,2
13,2
13,2
13,2
13,2
13,2
13,2
13,2
13,2
13,2
13,2
13,2
13,2
13,2
13,2
13,2
13,2
13,2
13,2
13,2
13,2
13,2
14,0
14,0
14,0
14,0
14,0
14,0
14,0
14,0
14,0
14,0
14,0
14,0
14,0
14,0
14,0
14,0
14,0
14,0
14,0
14,0
14,0
14,0
14,0
14,0
14,0
14,0
14,0
14,0
14,0
14,0
14,0
14,0
14,0
14,0
14,0
14,0
14,0
14,0
14,0
14,0
14,0
14,0
14,0
14,0
14,0
14,0
14,0
14,0
14,0
14,0
14,0
14,0
14,0
14,0
14,0
14,0
14,0
14,0
14,0
14,0
14,0
14,0
14,0
14,0
14,0
14,0
14,0
14,0
14,0
14,0
14,0
14,0
14,0
14,0
14,0
14,0
14,0
14,0
14,0
14,0
14,0
14,0
14,0
14,0
14,0
14,0
14,0
14,0
14,0
14,0
14,0
14,0
14,0
14,0
14,0
14,0
14,0
14,0
14,0
14,0
14,0
14,0
14,0
14,0
14,0
14,0
14,0
14,0
14,0
14,0
14,0
14,0
14,0
14,0
14,0
14,0
14,0
14,1
14,0
14,0
14,0
14,0
14,0
14,0
14,0
14,0
14,0
14,0
14,0
14,0
14,0
14,0
14,0
14,0
14,0
14,0
14,0
14,0
14,0
14,0
14,0
14,0
14,0
14,0
14,0
14,0
14,0
14,0
14,0
14,0
14,0
14,0
14,0
14,0
14,0
14,0
14,0
14,0
14,0
14,0
14,0
14,0
14,0
14,0
14,0
14,0
14,0
14,0
14,0
14,0
14,0
14,0
14,0
14,0
14,0
14,0
14,0
14,0
14,0
14,0
14,0
14,0
14,0
14,0
14,0
14,0
14,0
14,0
14,0
14,0
14,0
14,0
14,0
14,0
14,0
14,0
14,0
14,0
14,0
15,0
15,0
15,0
15,0
15,0
15,0
15,0
15,0
15,0
15,0
15,0
15,0
15,0
15,0
15,0
15,0
15,0
15,0
15,0
15,0
15,0
15,0
15,0
15,0
15,0
15,0
15,0
15,0
15,0
15,0
15,0
15,0
15,0
15,0
15,0
15,0
15,0
15,0
15,0
15,0
15,0
15,0
15,0
15,0
15,0
15,0
15,0
15,0
15,0
15,0
15,0
15,0
15,0
15,0
15,0
15,0
15,0
15,0
15,0
15,0
15,0
15,0
15,0
15,0
15,0
15,0
15,0
15,0
15,0
15,0
15,0
15,0
15,0
15,0
15,0
15,0
15,0
15,0
15,0
15,0
15,0
15,0
15,0
15,0
15,0
15,0
15,0
15,0
15,0
15,0
15,0
15,0
15,0
15,0
15,0
15,0
15,0
15,0
15,0
15,0
15,0
15,0
15,0
15,0
15,0
15,0
15,0
15,0
15,0
15,0
15,0
15,0
15,0
15,0
15,0
15,0
15,0
15,0
15,0
15,0
15,0
15,0
15,0
15,0
15,0
15,0
15,0
15,0
15,0
15,0
15,0
15,0
15,0
15,0
15,0
15,0
15,0
15,0
15,0
15,0
15,0
15,0
15,0
15,0
15,0
15,0
15,0
15,0
15,0
15,0
15,0
15,0
15,0
15,0
15,0
15,0
15,0
15,0
15,0
15,0
15,0
15,0
15,0
15,0
15,0
15,0
15,0
15,0
15,0
15,0
15,0
15,0
15,0
15,0
15,0
15,0
15,0
15,0
15,0
15,0
15,0
15,0
15,0
15,0
15,0
15,0
15,0
15,0
15,0
15,0
15,0
15,0
15,0
15,0
15,0
15,0
15,0
15,0
15,0
15,0
15,0
15,0
15,0
15,0
15,0
15,0
15,0
15,0
15,0
15,0
15,0
15,0
15,0
15,0
15,0
15,0
15,0
15,0
15,0
15,0
15,0
15,0
15,0
15,1
15,0
15,0
15,0
15,0
15,0
15,0
15,0
15,0
15,1
15,0
15,0
15,0
15,0
15,0
15,0
15,0
15,1
15,1
15,0
15,0
15,0
15,0
15,0
15,0
15,0
15,0
15,0
15,0
15,0
15,0
15,0
15,1
15,0
15,0
15,0
15,0
15,0
15,0
15,0
15,0
15,0
15,0
15,0
15,0
15,0
15,0
15,0
15,0
15,0
15,0
15,0
15,0
15,0
15,0
15,0
15,0
15,0
15,0
15,0
15,0
15,0
15,0
15,0
15,0
15,0
15,0
15,0
15,0
15,0
15,0
15,0
15,0
15,0
15,0
15,0
15,0
15,0
15,0
15,0
15,0
15,0
15,0
15,0
15,0
15,1
15,0
15,0
15,0
15,0
15,0
15,0
15,0
15,0
15,0
15,0
15,0
15,0
15,0
15,0
15,0
15,0
15,0
15,0
15,0
15,0
15,0
15,0
15,0
15,0
15,0
15,0
15,0
15,0
15,0
15,0
15,0
15,0
15,0
15,0
15,0
15,0
15,0
15,0
15,0
15,0
15,0
15,0
15,0
15,0
15,0
15,0
15,0
15,0
15,0
15,0
15,0
15,0
15,0
15,0
15,0
15,0
15,0
15,0
15,0
15,0
15,0
15,0
15,0
15,0
15,0
15,0
15,0
15,0
15,0
15,0
15,0
15,0
15,0
15,0
15,0
15,0
15,0
15,0
15,0
15,0
15,0
15,0
15,0
15,0
15,0
15,0
15,0
15,0
15,0
15,0
15,0
15,0
15,0
15,0
15,0
15,0
15,0
15,0
15,0
15,0
15,0
15,0
15,0
15,0
15,0
15,0
15,0
15,0
15,0
15,0
15,0
15,0
15,0
15,0
15,0
15,0
15,0
15,0
15,0
15,0
15,0
15,0
15,0
15,0
15,0
15,0
15,0
15,0
15,0
15,0
15,0
15,0
15,0
15,0
15,0
15,0
15,0
15,0
15,0
15,0
16,0
16,0
16,0
16,0
16,0
16,0
16,0
16,0
16,0
16,0
16,0
16,0
16,0
16,0
16,0
16,0
16,0
16,0
16,0
16,0
16,0
16,0
16,0
16,0
16,0
16,0
16,0
16,0
16,0
16,0
16,0
16,0
16,0
16,0
16,0
16,0
16,0
16,0
16,0
16,0
16,0
16,0
16,0
16,0
16,0
16,0
16,0
16,0
16,0
16,0
16,0
16,0
16,0
16,0
16,0
16,0
16,0
16,0
16,0
16,0
16,0
16,0
16,0
16,0
16,0
16,0
16,0
16,0
16,0
16,0
16,0
16,0
16,0
16,0
16,0
16,0
16,0
16,0
16,0
16,0
16,0
16,0
16,0
16,0
16,0
16,0
16,0
16,0
17,0
17,0
17,0
17,0
17,0
17,0
17,0
17,0
17,0
17,0
17,0
17,0
17,0
17,0
17,0
17,0
17,0
17,0
17,0
17,0
17,0
17,0
17,0
17,0
17,0
17,0
17,0
17,0
17,0
17,0
17,0
17,0
17,0
17,0
17,0
17,0
17,0
17,0
17,0
17,0
17,0
17,0
17,0
17,0
17,0
17,0
17,0
17,0
17,0
17,0
17,0
17,0
17,0
17,0
17,0
17,0
17,0
17,0
17,0
17,0
17,0
17,0
17,0
17,0
17,0
17,0
17,0
17,0
17,0
17,0
17,0
17,0
17,0
17,0
17,0
17,0
17,0
17,0
17,0
17,0
17,0
17,0
17,0
17,0
17,0
17,0
17,0
17,0
17,0
17,0
17,0
17,0
17,0
17,0
17,0
17,0
17,0
17,0
17,0
17,0
17,0
17,0
17,0
17,0
17,0
17,0
17,0
17,0
17,0
17,0
17,0
17,0
17,0
17,0
17,0
17,0
17,0
17,0
17,0
17,0
17,0
17,0
17,0
17,0
17,0
17,0
17,0
17,0
17,0
17,0
17,0
17,0
17,0
17,0
17,0
17,0
17,0
18,0
18,0
18,0
18,0
18,0
18,0
18,0
18,0
18,0
18,0
18,0
18,0
18,0
18,0
18,0
18,0
18,0
18,0
18,0
18,0
18,0
18,0
18,0
18,0
18,0
18,0
18,0
18,0
18,0
18,0
18,0
18,0
18,0
18,0
18,0
18,0
18,0
18,0
18,0
18,0
18,0
18,0
18,0
18,0
18,0
18,0
18,0
18,0
18,0
18,0
18,0
18,0
18,0
18,0
18,0
18,0
18,0
18,0
18,0
18,0
18,0
18,0
18,0
18,0
18,0
18,0
18,0
18,0
18,0
18,0
18,0
18,0
18,0
18,0
18,0
18,0
18,0
18,0
18,0
18,0
18,0
18,0
18,0
18,0
18,0
18,0
18,0
18,0
18,0
18,0
18,0
18,0
18,0
18,0
18,0
18,0
18,0
18,0
18,0
18,0
18,0
18,0
18,0
18,0
18,0
18,0
18,0
18,0
18,0
18,0
18,0
18,0
18,0
18,0
18,0
18,0
18,0
18,0
18,0
18,0
18,0
18,0
18,0
18,0
18,0
18,0
18,0
18,0
18,0
18,0
18,0
18,0
18,0
18,0
18,0
18,0
18,0
18,0
18,0
18,0
18,0
18,0
18,0
18,0
18,0
18,0
18,0
18,0
18,0
18,0
18,0
18,0
18,0
18,0
18,0
18,0
18,0
18,0
18,0
18,0
18,0
18,0
18,0
18,0
18,0
18,0
18,0
18,0
18,0
18,0
18,0
18,0
18,0
18,0
18,0
18,0
18,0
18,0
18,0
18,0
18,0
18,0
18,0
18,0
18,0
18,0
18,0
18,0
18,0
18,0
18,0
18,0
18,0
18,0
18,0
18,0
18,0
18,0
18,0
18,0
18,0
18,0
18,0
18,0
18,0
18,0
18,0
18,0
18,0
18,0
18,0
18,0
18,0
18,0
18,0
18,0
18,0
18,0
18,0
18,0
18,0
18,0
18,0
18,0
18,0
18,0
18,1
18,0
18,0
18,0
18,0
18,0
18,0
18,0
18,0
18,0
18,0
18,0
18,0
18,0
18,0
18,0
18,0
18,0
18,0
18,0
18,0
18,0
18,0
18,0
18,0
18,0
18,0
18,0
18,0
18,0
18,0
18,0
18,0
18,0
18,0
18,0
18,0
18,0
18,0
18,0
18,0
18,0
18,0
18,0
18,0
18,0
18,0
18,0
18,0
18,0
18,0
18,0
18,0
18,0
18,0
18,0
18,0
18,0
18,0
18,0
18,0
18,0
18,0
18,0
18,0
18,0
18,0
18,0
18,0
18,0
18,0
18,0
18,0
18,0
18,0
18,0
18,0
18,0
18,0
18,0
18,0
18,0
18,0
18,0
18,0
18,0
18,0
18,0
18,0
18,0
18,0
18,0
18,0
18,0
18,0
18,0
18,0
18,0
18,0
18,0
18,0
18,0
18,0
18,0
18,0
18,0
18,0
18,0
18,0
18,0
18,0
18,0
18,0
19,0
19,0
19,0
19,0
19,0
19,0
19,0
19,0
19,0
19,0
19,0
19,0
19,0
19,0
19,0
19,0
19,0
19,0
19,0
19,0
19,0
19,0
19,0
19,0
19,0
19,0
19,0
19,0
19,0
19,0
19,0
19,0
19,0
19,0
19,0
19,0
19,0
19,0
19,0
19,0
19,0
19,0
19,0
19,0
19,0
19,0
19,0
19,0
19,0
19,0
19,0
19,0
19,0
19,0
19,0
19,0
19,0
19,0
19,0
19,0
19,0
19,0
19,0
19,0
19,0
19,0
19,0
19,0
19,0
19,0
19,0
19,0
19,0
19,0
19,0
19,0
19,0
19,0
19,0
19,0
19,0
19,0
19,0
19,0
19,0
19,0
19,0
19,0
19,0
19,0
19,0
19,0
19,0
19,0
19,0
19,0
19,0
19,0
19,0
19,0
19,0
19,0
19,0
19,0
19,0
19,0
19,0
19,0
19,0
19,0
19,0
19,0
19,0
19,0
19,0
19,0
19,0
19,0
19,0
19,0
19,0
19,0
19,0
19,0
19,0
19,0
19,0
19,0
19,0
19,0
19,0
19,0
19,0
19,0
19,0
19,0
19,0
19,0
19,0
19,0
19,0
19,0
19,0
19,0
19,0
19,0
19,0
19,0
19,0
19,0
19,0
19,0
19,0
19,0
19,0
19,0
19,0
19,0
19,0
19,0
19,0
19,0
19,0
19,0
19,0
19,0
19,0
19,0
19,0
19,0
19,0
19,0
19,0
19,0
19,0
19,0
19,0
19,0
19,0
19,0
19,0
19,0
19,0
19,0
19,0
19,0
19,0
19,0
19,0
19,0
19,0
19,0
19,0
19,0
19,0
19,0
19,0
19,0
19,0
19,0
19,0
19,0
19,0
19,0
19,0
19,0
19,0
19,0
19,0
19,0
19,0
19,0
19,0
19,0
19,0
19,0
19,0
19,0
19,0
19,0
19,0
19,0
19,0
19,0
19,0
19,0
19,0
19,0
19,0
19,0
19,0
19,0
19,0
19,0
19,0
19,0
19,0
19,0
19,0
19,0
19,0
19,0
19,0
19,0
19,0
19,0
19,0
19,0
19,0
19,0
19,0
19,0
19,0
19,0
19,0
19,0
19,0
19,0
19,0
19,0
19,0
19,0
19,0
19,0
19,0
19,0
19,0
19,0
19,0
19,0
19,0
19,0
19,0
19,0
19,0
19,0
19,0
19,0
19,0
19,0
19,0
19,0
19,0
19,0
19,0
19,0
19,0
19,0
19,0
19,0
19,0
19,0
19,0
19,0
19,0
19,0
19,0
19,0
19,0
19,0
19,0
19,0
19,0
19,0
19,0
19,0
19,0
19,0
19,0
19,0
19,0
19,0
19,0
19,0
19,0
19,0
19,0
19,0
19,0
19,0
19,0
19,0
19,0
19,0
19,0
19,0
19,0
19,0
19,0
19,0
19,0
19,0
19,0
19,0
19,0
19,0
19,0
19,0
19,0
19,0
19,0
19,0
19,0
19,0
19,0
19,0
19,0
19,0
19,0
19,0
19,0
19,0
19,0
19,0
19,0
19,0
19,0
19,0
19,0
19,0
19,0
19,0
19,0
19,0
19,0
19,0
19,0
19,0
19,0
19,0
19,0
19,0
19,0
19,0
19,0
19,0
19,0
19,0
19,0
19,0
19,0
19,0
19,0
19,0
19,0
19,0
19,0
19,0
19,0
19,0
19,0
20,0
20,0
20,0
20,0
20,0
20,0
20,0
20,0
20,0
20,0
20,0
20,0
20,0
20,0
20,0
20,0
20,0
20,0
20,0
20,0
20,0
20,0
20,0
20,0
20,0
20,0
20,0
20,0
20,0
20,0
20,0
20,0
20,0
20,0
20,0
20,0
20,0
20,0
20,0
20,0
20,0
20,0
20,0
20,0
20,0
20,0
20,0
20,0
20,0
20,0
20,0
20,0
20,0
20,0
20,0
20,0
20,0
20,0
20,0
20,0
20,0
20,0
20,0
20,0
20,0
20,0
20,0
20,0
20,0
20,0
20,0
20,0
20,0
20,0
20,0
20,0
20,0
20,0
20,0
20,0
20,0
20,0
20,0
20,0
20,0
20,0
20,0
20,0
20,0
20,0
20,0
20,0
20,0
20,0
20,0
20,0
20,0
20,0
20,0
20,0
20,0
20,0
20,0
20,0
20,0
20,0
20,0
20,0
20,0
20,0
20,0
20,0
20,0
20,0
20,0
20,0
20,0
20,0
20,0
20,0
20,0
20,0
20,0
20,0
20,0
20,0
20,0
20,0
20,0
20,0
20,0
20,0
20,0
20,0
20,0
20,0
20,0
20,0
20,0
20,0
20,0
20,0
20,0
20,0
20,0
20,0
20,0
20,0
20,0
20,0
20,0
20,0
20,0
20,0
20,0
20,0
20,0
20,0
20,0
20,0
20,0
20,0
20,0
20,0
20,0
20,0
20,0
20,0
20,0
20,0
20,0
20,0
20,0
20,0
20,0
20,0
20,0
20,0
20,0
20,0
20,0
20,0
20,0
20,0
20,0
20,0
20,0
20,0
20,0
20,0
20,0
20,0
20,0
20,0
20,0
20,0
20,0
20,0
20,0
20,0
20,0
20,0
20,0
20,0
20,0
20,0
20,0
20,0
20,0
20,0
20,0
20,0
20,0
20,0
20,0
20,0
20,0
20,0
20,0
20,0
20,0
20,0
20,0
20,0
20,0
20,0
20,0
20,0
20,0
20,0
20,0
20,0
20,0
20,0
20,0
20,0
20,0
20,0
20,0
20,0
20,0
20,0
20,0
20,0
20,0
20,0
20,0
20,0
20,0
20,0
20,0
20,0
20,0
20,0
20,0
20,0
20,0
20,0
20,0
20,0
20,0
20,0
20,0
20,0
20,0
20,0
20,0
20,0
20,0
20,0
20,0
20,0
20,0
20,0
20,0
20,0
20,0
20,0
20,0
20,0
20,0
20,0
20,0
20,0
20,0
20,0
20,0
20,0
20,0
20,0
20,0
20,0
20,0
20,0
20,0
20,0
20,0
20,0
20,0
20,0
20,0
20,0
20,0
20,0
21,0
21,0
21,0
21,0
21,0
21,0
21,0
21,0
21,0
21,0
21,0
21,0
21,0
21,0
21,0
21,0
21,0
21,0
21,0
21,0
21,0
21,0
21,0
21,0
21,0
21,0
21,0
21,0
21,0
21,0
21,0
21,0
21,0
21,0
21,0
21,0
21,0
21,0
21,0
21,0
21,0
21,0
21,0
21,0
21,0
21,0
21,0
21,0
21,0
21,0
21,0
21,0
21,0
21,0
21,0
21,0
21,0
21,0
21,0
21,0
21,0
21,0
21,0
21,0
21,0
21,0
21,0
21,0
21,0
21,0
21,0
21,0
21,0
21,0
21,0
21,0
21,0
21,0
21,0
21,0
21,0
21,0
21,0
21,0
21,0
21,0
21,0
21,0
21,0
21,0
21,0
21,0
21,0
21,0
21,0
21,0
21,0
21,0
21,0
21,0
21,0
21,0
21,0
21,0
21,0
21,0
21,0
21,0
21,0
21,0
21,0
21,0
21,0
21,0
21,0
21,0
21,0
21,0
21,0
21,0
21,0
21,0
21,0
21,0
21,0
21,0
21,0
21,0
21,0
21,0
21,0
21,0
21,0
21,0
21,0
21,0
21,0
21,0
21,0
21,0
21,0
21,0
21,0
21,0
21,0
21,0
21,0
21,0
21,0
21,0
21,0
21,0
21,0
21,0
21,0
21,0
21,0
21,0
21,0
21,0
21,0
21,0
21,0
21,0
21,0
21,0
21,0
21,0
21,0
21,0
21,0
21,0
21,0
21,0
21,0
21,0
21,0
21,0
21,0
21,0
21,0
21,0
21,0
21,0
21,0
21,0
21,0
21,0
21,0
21,0
21,0
21,0
21,0
21,0
21,0
21,0
21,0
21,0
21,0
21,0
21,0
21,0
21,0
21,0
21,0
21,0
21,0
21,0
21,0
21,0
21,0
21,0
21,0
21,0
21,0
21,0
21,0
21,0
21,0
21,0
21,0
21,0
21,0
21,0
21,0
21,0
21,0
21,0
21,0
21,0
21,0
21,0
21,0
21,0
21,0
21,0
21,0
21,0
21,0
21,0
21,0
21,0
21,0
21,0
21,0
21,0
21,0
21,0
21,0
21,0
21,0
21,0
21,0
21,0
21,0
21,0
21,0
21,0
21,0
21,0
21,0
21,0
21,0
21,0
21,0
21,0
21,0
21,0
21,0
21,0
21,0
21,0
21,0
21,0
21,0
21,0
21,0
21,0
21,0
21,0
21,0
21,0
21,0
21,0
21,0
21,0
21,0
21,0
21,0
21,0
21,0
21,0
21,0
21,0
21,0
21,0
21,0
21,0
21,0
21,0
21,0
21,0
21,0
21,0
21,0
21,0
21,0
21,0
21,0
21,0
21,0
21,0
21,0
21,0
21,0
21,0
21,0
21,0
21,0
21,0
21,0
21,0
21,0
21,0
21,0
21,0
21,0
21,0
21,0
21,0
21,0
21,0
21,0
21,0
21,0
21,0
21,0
21,0
21,0
21,0
21,0
21,0
21,0
21,0
21,0
21,0
21,0
21,0
21,0
21,0
21,0
21,0
21,0
21,0
21,0
21,0
21,0
21,0
21,0
21,0
21,0
21,0
21,0
21,0
21,0
21,0
21,0
21,0
22,0
22,0
22,0
22,0
22,0
22,0
22,0
22,0
22,0
22,0
22,0
22,0
22,0
22,0
22,0
22,0
22,0
22,0
22,0
22,0
22,0
22,0
22,0
22,0
22,0
22,0
22,0
22,0
22,0
22,0
22,0
22,0
22,0
22,0
22,0
22,0
22,0
22,0
22,0
22,0
22,0
22,0
22,0
22,0
22,0
22,0
22,0
22,0
22,0
22,0
22,0
22,0
22,0
22,0
22,0
22,0
22,0
22,0
22,0
22,0
22,0
22,0
22,0
22,0
22,0
22,0
22,0
22,0
22,0
22,0
22,0
22,0
22,0
22,0
22,0
22,0
22,0
22,0
22,0
22,0
22,0
22,0
22,0
22,0
22,0
22,0
22,0
22,0
22,0
22,0
22,0
22,0
22,0
22,0
22,0
22,0
22,0
22,0
22,0
22,0
22,0
22,0
22,0
22,0
22,0
22,0
22,0
22,0
22,0
22,0
22,0
22,0
22,0
22,0
22,0
22,0
22,0
22,0
22,0
22,0
22,0
22,0
22,0
22,0
22,0
22,0
22,0
22,0
22,0
22,0
22,0
22,0
22,0
22,0
22,0
22,0
22,0
22,0
22,0
22,0
22,0
22,0
22,0
22,0
22,0
22,0
22,0
22,0
22,0
22,0
22,0
22,0
22,0
22,0
22,0
22,0
22,0
22,0
22,0
22,0
22,0
22,0
22,0
22,0
22,0
22,0
22,0
22,0
22,0
22,0
22,0
22,0
22,0
22,0
22,0
22,0
22,0
22,0
22,0
22,0
22,0
22,0
22,0
22,0
22,0
22,0
22,0
22,0
22,0
22,0
22,0
22,0
22,0
22,0
22,0
22,0
22,0
22,0
22,0
22,0
22,0
22,0
22,0
22,0
22,0
22,0
22,0
22,0
22,0
22,0
22,0
22,0
22,0
22,0
22,0
22,0
22,0
22,0
22,0
22,0
22,0
22,0
22,0
22,0
22,0
22,0
22,0
22,0
22,0
22,0
22,0
22,0
22,0
22,0
22,0
22,0
22,0
22,0
22,0
22,0
22,0
22,0
22,0
22,0
22,0
22,0
22,0
22,0
22,0
22,0
22,0
22,0
22,0
22,0
22,0
22,0
22,0
22,0
22,0
22,0
22,0
22,0
22,0
22,0
22,0
22,0
22,0
22,0
22,0
22,0
22,0
22,0
22,0
22,0
22,0
22,0
22,0
22,0
22,0
22,0
22,0
22,0
22,0
22,0
22,0
22,0
22,0
22,0
22,0
22,0
22,0
22,0
22,0
22,0
22,0
22,0
22,0
22,0
22,0
22,0
22,0
22,0
22,0
22,0
22,0
22,0
22,0
22,0
22,0
22,0
22,0
22,0
22,0
22,0
22,0
22,0
22,0
22,0
22,0
22,0
22,0
22,0
22,0
22,0
22,0
22,0
22,0
22,0
22,0
22,0
22,0
22,0
22,0
22,0
22,0
22,0
22,0
22,0
22,0
22,0
22,0
22,0
22,0
22,0
22,0
22,0
22,0
22,0
22,0
22,0
22,0
22,0
22,0
22,0
22,0
22,0
22,0
22,0
22,0
22,0
22,0
22,0
22,0
22,0
22,1
22,0
22,0
22,0
22,0
22,0
22,0
22,0
22,0
22,0
22,0
22,0
22,0
22,0
22,0
22,0
22,0
22,0
22,0
22,0
22,0
22,0
22,0
22,0
22,0
22,0
22,0
22,0
22,0
22,0
22,0
22,0
22,0
22,0
22,0
22,0
22,0
22,0
22,0
22,0
22,0
22,0
22,0
22,0
22,0
22,0
22,0
22,0
22,0
22,0
22,0
22,0
22,0
22,0
22,0
22,0
22,0
22,0
22,0
22,0
22,0
22,0
22,0
22,0
22,0
22,0
22,0
22,0
22,0
22,0
22,0
22,0
22,0
22,0
22,0
22,0
22,0
22,0
22,0
22,0
22,0
22,0
22,0
22,0
22,0
22,0
22,0
22,0
22,0
22,0
22,0
22,0
22,0
22,0
23,0
23,0
23,0
23,0
23,0
23,0
23,0
23,0
23,0
23,0
23,0
23,0
23,0
23,0
23,0
23,0
23,0
23,0
23,0
23,0
23,0
23,0
23,0
23,0
23,0
23,0
23,0
23,0
23,0
23,0
23,0
23,0
23,0
23,0
23,0
23,0
23,0
23,0
23,0
23,0
23,0
23,0
23,0
23,0
23,0
23,0
23,0
23,0
23,0
23,0
23,0
23,0
23,0
23,0
23,0
23,0
23,0
23,0
23,0
23,0
23,0
23,0
23,0
23,0
23,0
23,0
23,0
23,0
23,0
23,0
23,0
23,0
23,0
23,0
23,0
23,0
23,0
23,0
23,0
23,0
23,0
23,0
23,0
23,0
23,0
23,0
23,0
23,0
23,0
23,0
23,0
23,0
23,0
23,0
23,0
23,0
23,0
23,0
23,0
23,0
23,0
23,0
23,0
23,0
23,0
23,0
23,0
23,0
23,0
23,0
23,0
23,0
23,0
23,0
23,0
23,0
23,0
23,0
23,0
23,0
23,0
23,0
23,0
23,0
23,0
23,0
23,0
23,0
23,0
23,0
23,0
23,0
23,0
23,0
23,0
23,0
23,0
23,0
23,0
23,0
23,0
23,0
23,0
23,0
23,0
23,0
23,0
23,0
23,0
23,0
23,0
23,0
23,0
23,0
23,0
23,0
23,0
23,0
23,0
23,0
23,0
23,0
23,0
23,0
23,0
23,0
23,0
23,0
23,0
23,0
23,0
23,0
23,0
23,0
23,0
23,0
23,0
23,0
23,0
23,0
23,0
23,0
23,0
23,0
23,0
23,0
23,0
23,0
23,0
23,0
23,0
23,0
23,0
23,0
23,0
23,0
23,0
23,0
23,0
23,0
23,0
23,0
23,0
23,0
23,0
23,0
23,0
23,0
23,0
23,0
23,0
23,0
23,0
23,0
23,0
23,0
23,0
23,0
23,0
23,0
23,0
23,0
23,0
23,0
23,0
23,0
23,0
23,0
23,0
23,0
23,0
23,0
23,0
23,0
23,0
23,0
23,0
23,0
23,0
23,0
23,0
23,0
23,0
23,0
23,0
23,0
23,0
23,0
23,0
23,0
23,0
23,0
23,0
23,0
23,0
23,0
23,0
23,0
23,0
23,0
23,0
23,0
23,0
23,0
23,0
23,0
23,0
23,0
23,0
23,0
23,0
23,0
23,0
23,0
23,0
23,0
23,0
23,0
23,0
23,0
23,0
23,0
23,0
23,0
23,0
23,0
23,0
23,0
23,0
23,0
23,0
23,0
23,0
23,0
23,0
23,0
23,0
23,0
23,0
23,0
23,0
23,0
23,0
23,0
23,0
23,0
23,0
23,0
24,0
24,0
24,0
24,0
24,0
24,0
24,0
24,0
24,0
24,0
24,0
24,0
24,0
24,0
24,0
24,0
24,0
24,0
24,0
24,0
24,0
24,0
24,0
24,0
24,0
24,0
24,0
24,0
24,0
24,0
24,0
24,0
24,0
24,0
24,0
24,0
24,0
24,0
24,0
24,0
24,0
24,0
24,0
24,0
24,0
24,0
24,0
24,0
24,0
24,0
24,0
24,0
24,0
24,0
24,0
24,0
24,0
24,0
24,0
24,0
24,0
24,0
24,0
24,0
24,0
24,0
24,0
24,0
24,0
24,0
24,0
24,0
24,0
24,0
24,0
24,0
24,0
24,0
24,0
24,0
24,0
24,0
24,0
24,0
24,0
24,0
24,0
24,0
24,0
24,0
24,0
24,0
24,0
24,0
24,0
24,0
24,0
24,0
24,0
24,0
24,0
24,0
24,0
24,0
24,0
24,0
24,0
24,0
24,0
24,0
24,0
24,0
24,0
24,0
24,0
24,0
24,0
24,0
24,0
24,0
24,0
24,0
24,0
24,0
24,0
24,0
24,0
24,0
24,0
24,0
24,0
24,0
24,0
24,0
24,0
24,0
24,0
24,0
24,0
24,0
24,0
24,0
24,0
24,0
24,0
24,0
24,0
24,0
24,0
24,0
24,0
24,0
24,0
24,0
24,0
24,0
24,0
24,0
24,0
24,0
24,0
24,0
24,0
24,0
24,0
24,0
24,0
24,0
24,0
24,0
24,0
24,0
24,0
24,0
24,0
24,0
24,0
24,0
24,0
24,0
24,0
24,0
24,0
24,0
24,0
24,0
24,0
24,0
24,0
24,0
24,0
24,0
24,0
24,0
24,0
24,0
24,0
24,0
24,0
24,0
24,0
24,0
24,0
24,0
24,0
24,0
24,0
24,0
24,0
24,0
24,0
24,0
24,0
24,0
24,0
24,0
24,0
24,0
24,0
24,0
24,0
24,0
24,0
24,0
24,0
24,0
24,0
24,0
24,0
24,0
24,0
24,0
24,0
24,0
24,0
24,0
24,0
24,0
24,0
24,0
24,0
24,0
24,0
24,0
24,0
24,0
24,0
24,0
24,0
24,0
24,0
24,0
24,0
24,0
24,0
24,0
24,0
24,0
24,0
24,0
24,0
24,0
24,0
24,0
24,0
24,0
24,0
24,0
24,0
24,0
24,0
24,0
24,0
24,0
24,0
24,0
24,0
24,0
24,0
24,0
24,0
24,0
24,0
24,0
24,0
24,0
24,0
24,0
24,0
24,0
24,0
24,0
24,0
24,0
24,0
24,0
24,0
24,0
24,0
24,0
24,0
24,0
24,0
24,0
24,0
24,0
24,0
24,0
24,0
24,0
24,0
24,0
24,0
24,0
24,0
24,0
24,0
24,0
24,0
24,0
24,0
24,0
24,0
24,0
24,0
24,0
24,0
24,0
24,0
24,0
24,0
24,0
24,0
24,0
24,0
24,0
24,0
24,0
24,0
24,0
24,0
24,0
24,0
24,0
24,0
24,0
24,0
24,0
24,0
24,0
24,0
24,0
24,0
24,0
24,0
24,0
24,0
24,0
24,0
24,0
24,0
24,0
24,0
24,0
24,0
24,0
24,0
24,0
24,0
24,0
24,0
24,0
24,0
24,0
24,0
24,0
24,0
24,0
24,0
24,0
24,0
24,0
24,0
24,0
24,0
24,0
24,0
24,0
24,0
24,0
24,0
24,0
24,0
24,0
24,0
24,0
24,0
24,0
24,0
24,0
24,0
24,0
24,0
24,0
24,0
24,0
24,0
24,0
24,0
24,0
24,0
24,0
24,0
24,0
24,0
24,0
24,0
24,0
24,0
24,0
24,0
24,0
24,0
24,0
24,0
24,0
24,0
24,0
24,0
24,0
24,0
24,0
24,0
24,0
24,0
24,0
24,0
25,1
25,0
25,1
25,1
25,0
25,1
25,1
25,0
25,1
25,3
25,1
25,1
25,0
25,3
25,1
25,1
25,0
25,0
25,1
25,0
25,1
25,3
25,0
25,3
25,3
25,0
25,0
25,1
25,1
25,0
26,1
26,1
26,1
26,3
26,1
26,1
26,1
26,1
26,1
26,1
26,1
26,1
26,1
26,1
27,3
27,2
27,0
27,0
27,0
27,1
27,0
27,0
27,0
27,0
27,0
27,0
27,3
27,3
27,0
27,2
27,0
27,1
27,0
27,0
27,2
27,0
27,0
27,1
27,2
27,0
27,0
27,0
27,0
27,0
27,0
27,0
27,0
27,0
27,0
27,0
27,0
27,0
27,0
28,3
28,3
28,1
28,1
28,1
28,1
28,3
28,1
28,3
28,0
28,0
28,3
28,0
28,3
28,0
28,2
28,3
28,3
28,1
28,1
28,3
28,1
28,1
28,3
28,1
28,1
28,1
28,1
28,0
28,1
28,1
28,1
28,3
28,1
28,1
28,2
28,1
28,0
28,1
28,1
28,3
28,3
28,0
28,3
28,1
28,0
28,3
28,1
28,1
28,1
28,1
28,2
28,1
28,1
28,0
28,1
28,2
28,3
29,3
29,0
29,0
29,3
29,0
29,0
29,0
30,0
30,0
30,0
30,0
30,0
30,0
30,0
30,1
30,0
30,0
30,1
30,2
30,0
30,0
30,0
30,0
30,0
30,0
30,0
30,0
30,0
30,0
30,0
30,0
30,0
31,1
31,0
31,3
31,3
31,1
31,3
31,1
31,3
31,0
31,0
31,0
31,3
31,3
31,1
31,3
31,3
31,3
31,0
31,3
31,0
31,1
32,3
32,3
32,1
32,3
32,3
32,3
32,3
32,1
32,3
32,3
32,3
32,1
32,3
32,3
32,3
32,3
32,1
32,3
32,3
32,3
32,3
32,1
32,3
32,3
32,3
32,3
32,3
32,3
32,3
32,3
32,1
32,3
32,3
32,3
32,1
32,3
33,1
33,1
33,1
33,1
33,1
33,1
33,1
33,3
33,1
34,3
34,3
34,3
34,3
34,3
34,3
34,3
34,3
34,3
34,3
34,3
34,3
34,3
34,3
34,3
34,3
34,3
34,3
34,3
34,3
34,3
34,3
34,3
34,3
34,3
34,3
34,3
34,3
34,3
34,3
34,3
34,3
35,3
35,3
35,3
35,3
35,3
35,3
35,3
35,3
35,3
35,3
35,3
35,3
35,3
35,3
35,3
35,3
35,3
35,3
35,3
35,3
35,3
35,3
35,3
35,3
35,3
35,3
35,3
35,3
35,3
35,3
35,3
35,3
35,3
35,3
35,3
35,3
35,3
35,3
35,3
36,1
36,1
36,1
36,1
36,1
36,1
36,1
36,1
36,1
36,1
36,1
36,1
36,1
36,1
36,1
36,1
36,1
36,1
36,1
36,1
36,1
36,1
36,1
36,1
36,2
36,1
36,1
36,1
36,1
36,1
36,1
36,1
36,1
36,1
36,1
36,1
36,1
36,1
36,1
36,1
36,1
36,1
36,1
36,1
36,1
36,2
36,1
36,1
36,1
36,1
36,1
36,1
36,1
36,2
36,1
36,1
36,1
36,1
36,1
36,2
36,1
36,1
36,1
36,1
36,1
36,1
36,1
36,2
36,1
36,1
36,1
36,1
36,1
36,1
36,2
36,1
36,1
36,1
36,1
36,1
36,2
36,1
36,1
36,1
36,1
36,1
36,1
36,1
36,1
36,1
36,1
36,1
36,1
36,1
36,1
36,1
36,1
36,1
36,1
36,1
36,1
36,1
36,1
36,1
36,1
36,1
36,1
36,1
36,1
36,1
36,1
36,1
36,1
36,1
36,1
36,1
36,1
36,1
36,1
36,1
36,1
36,1
36,1
36,1
36,1
36,1
36,1
36,1
36,1
36,1
36,1
36,1
36,1
36,1
36,1
36,1
36,1
36,1
36,1
36,1
36,1
36,1
36,1
36,1
36,1
36,1
36,1
36,2
36,1
36,1
36,2
36,1
36,1
36,1
36,1
36,1
36,1
36,1
36,1
36,1
36,1
36,1
36,1
36,1
36,1
36,1
36,1
36,1
36,1
36,1
36,1
36,1
36,1
36,1
36,1
36,1
36,1
36,1
36,1
36,1
36,1
36,1
36,1
36,1
36,1
36,1
36,1
36,1
36,1
36,1
36,1
36,1
36,1
36,1
36,1
36,1
36,1
36,1
36,1
36,1
36,1
36,1
36,1
36,1
36,1
36,1
36,1
36,1
36,1
36,1
36,1
36,1
36,1
36,1
36,1
36,1
36,1
36,1
36,1
36,1
36,1
36,1
36,1
36,1
36,1
36,1
36,1
36,1
36,1
36,1
36,1
36,1
36,1
36,1
36,1
36,1
36,1
36,1
36,1
36,1
36,1
36,1
36,1
36,1
36,1
36,1
36,1
36,1
36,1
36,1
36,1
36,1
36,1
36,1
36,1
36,1
36,1
36,1
36,1
37,1
37,1
37,1
37,1
37,1
37,1
37,1
37,1
37,1
37,1
37,1
37,1
37,1
37,1
37,1
37,1
37,1
37,1
37,1
37,1
37,1
37,1
37,1
37,1
37,1
37,1
37,1
37,1
37,1
37,1
37,1
37,1
37,1
37,1
37,1
37,1
37,1
37,1
37,1
37,1
37,1
37,1
37,1
37,1
37,1
37,1
37,1
37,1
37,1
37,1
37,1
37,1
37,1
37,1
37,1
37,1
37,1
37,1
37,1
37,1
37,1
37,1
37,1
37,1
37,1
37,1
37,1
37,1
37,1
37,1
37,1
37,1
37,1
37,1
37,1
37,1
37,1
37,1
37,1
37,1
37,1
37,1
37,1
37,1
37,1
37,1
37,1
37,1
37,1
37,1
37,1
37,1
37,1
37,1
37,1
37,1
37,1
37,1
37,1
37,1
37,1
37,1
37,1
37,1
37,1
37,1
37,1
37,1
37,1
37,1
37,1
37,1
37,1
37,1
37,1
37,1
37,1
37,1
37,1
37,1
37,1
37,1
37,1
37,1
37,1
37,1
37,1
37,1
37,1
37,1
37,1
37,1
37,1
37,1
37,1
37,1
37,1
37,1
37,1
37,1
37,1
37,1
37,1
37,1
37,1
38,1
38,1
38,1
38,1
38,1
38,1
38,1
38,1
38,1
38,1
38,1
38,1
38,1
38,1
38,1
38,1
38,1
38,1
38,1
38,1
38,1
38,1
38,1
38,1
38,1
38,1
38,1
38,1
38,1
38,1
38,1
38,1
38,1
38,1
38,1
38,1
38,1
38,1
38,1
38,1
38,1
38,1
38,1
38,1
38,1
38,1
38,1
38,1
38,1
38,1
38,1
38,1
38,1
38,1
38,1
38,1
38,1
38,1
39,1
39,1
39,1
39,1
39,1
39,1
39,1
39,1
39,1
39,1
40,1
40,1
40,1
40,1
40,1
40,1
40,1
40,1
40,0
40,1
40,1
40,1
40,1
40,1
40,1
40,1
40,1
40,1
40,1
40,1
40,1
40,1
40,1
40,1
40,1
40,1
40,1
40,1
40,1
40,1
40,1
40,1
40,1
40,1
40,1
40,1
40,1
40,1
40,1
40,1
40,1
40,1
40,1
40,1
40,1
40,1
40,1
40,1
40,1
40,1
40,1
40,1
40,1
40,1
40,1
40,1
40,1
40,1
40,1
40,1
40,1
40,1
40,1
40,1
40,1
40,1
40,1
40,1
40,1
40,1
40,1
40,1
40,1
40,1
40,1
40,1
40,1
40,1
40,1
40,1
40,0
40,1
40,1
40,1
40,1
40,1
40,1
40,1
40,1
40,1
40,1
40,1
40,1
40,1
40,1
40,1
40,1
40,1
40,1
40,1
40,1
40,1
40,1
40,1
40,1
40,1
40,1
40,1
40,1
40,1
40,1
40,1
40,1
40,1
40,1
40,1
40,1
40,1
40,1
40,1
40,1
40,1
40,1
40,1
40,1
40,1
40,1
40,1
40,1
40,1
40,1
40,1
40,1
40,1
40,1
40,1
40,1
40,1
40,1
40,1
40,1
40,1
40,1
40,1
40,1
40,1
40,1
40,1
40,1
40,1
40,1
40,1
40,1
40,1
40,1
40,1
40,1
40,1
40,1
40,1
40,1
40,1
40,1
40,1
40,1
40,1
40,1
40,1
40,1
40,1
40,1
40,1
40,1
40,1
40,1
40,1
40,1
40,1
40,1
40,1
40,1
40,1
40,1
40,1
40,1
40,1
40,1
40,1
40,1
40,1
40,1
40,1
40,1
40,1
40,1
40,1
40,1
40,1
40,1
40,1
40,1
40,1
40,1
40,1
40,1
40,1
40,1
40,1
40,1
40,1
40,1
40,1
40,1
40,1
40,1
40,1
40,1
40,1
40,1
40,1
40,1
40,1
40,1
40,1
40,1
40,1
40,1
40,1
40,1
40,1
40,1
40,1
40,1
40,1
40,1
40,1
40,1
40,1
40,1
40,1
40,1
40,1
40,1
40,1
40,1
40,1
40,1
40,1
40,1
40,1
40,1
40,1
40,1
40,1
40,1
40,1
40,1
40,1
40,1
40,1
40,1
40,1
40,1
40,1
40,1
40,1
40,1
40,1
40,1
40,1
40,1
40,1
40,1
40,1
40,1
40,1
40,1
40,1
40,1
40,1
40,1
40,1
40,1
40,1
40,1
40,1
40,1
40,1
40,1
40,1
40,1
40,1
40,1
40,1
40,1
40,1
40,1
40,1
40,1
40,1
40,1
40,1
40,1
40,1
40,1
40,1
40,1
40,1
40,1
40,1
40,1
40,1
40,1
40,1
40,1
40,1
40,1
40,1
40,1
40,1
40,1
40,1
40,1
40,1
40,1
40,1
41,1
41,1
41,1
41,1
41,1
41,1
41,1
41,1
41,1
41,1
41,1
41,1
41,1
41,1
41,1
41,1
41,1
41,1
41,1
41,1
41,1
41,1
41,1
41,1
41,1
41,1
41,1
41,1
41,1
41,1
41,1
41,1
41,1
41,1
41,1
41,1
41,1
41,1
41,1
41,1
41,1
41,1
41,1
41,1
41,1
41,1
41,1
41,1
41,1
41,1
41,1
41,1
41,1
41,1
41,1
41,1
41,1
41,1
41,1
41,1
41,1
41,1
41,1
41,1
41,1
41,1
41,1
41,1
41,1
41,1
41,1
41,1
41,1
41,1
41,1
41,1
41,1
41,1
41,1
41,1
41,1
41,1
41,1
41,1
41,1
41,1
41,1
41,1
41,1
41,1
41,1
41,1
41,1
41,1
41,1
41,1
41,1
41,1
41,1
41,1
41,1
41,1
41,1
41,1
41,1
41,1
41,1
41,1
41,1
41,1
41,1
41,1
41,1
41,1
41,1
41,1
41,1
41,1
41,1
41,1
41,1
41,1
41,1
41,1
41,1
41,1
41,1
41,1
41,1
41,1
41,1
41,1
41,1
41,1
41,1
41,1
41,0
41,1
41,1
41,1
41,1
41,1
41,1
41,1
41,1
41,1
41,1
41,1
41,1
41,0
41,1
41,0
41,1
41,1
41,1
41,1
41,1
41,1
41,1
41,1
41,1
41,1
41,1
41,0
41,1
41,1
41,1
41,1
41,1
41,1
41,1
41,1
41,1
41,1
41,1
41,1
41,1
41,1
41,1
41,1
41,1
41,1
41,1
41,1
41,1
41,1
41,1
41,1
41,1
41,1
41,1
41,1
41,1
41,1
41,1
41,1
41,1
41,1
41,1
41,1
41,1
41,1
41,1
41,1
41,1
41,1
41,1
41,1
41,1
41,1
41,1
41,1
41,1
41,1
41,1
41,1
41,1
41,1
41,1
41,1
41,1
41,1
41,1
41,1
41,1
41,1
41,1
41,1
41,1
41,1
41,1
41,1
41,1
41,1
41,1
41,1
41,1
41,1
41,1
41,1
41,1
41,1
41,1
41,1
41,1
41,1
41,1
41,1
41,1
41,1
41,1
41,1
41,1
41,1
41,1
41,1
41,1
41,1
41,1
41,1
41,1
41,1
41,1
41,1
41,1
41,1
41,1
41,1
41,1
41,1
41,1
41,1
41,1
41,1
41,1
41,1
41,1
41,1
41,1
41,1
41,1
41,1
41,1
41,1
41,1
41,1
41,1
41,1
41,1
41,1
41,1
41,1
41,1
41,1
41,1
41,1
41,1
41,1
41,1
41,1
41,1
41,1
41,1
41,1
41,1
41,1
41,1
41,1
41,1
41,1
41,1
41,1
41,1
41,1
41,0
41,1
41,1
41,1
41,1
41,1
41,1
41,1
41,1
41,1
41,1
41,1
41,1
41,1
41,1
41,1
41,1
41,1
41,1
41,1
41,1
41,1
41,1
41,1
41,1
41,1
41,1
41,1
41,1
41,1
41,1
41,1
41,1
41,1
41,1
41,1
41,1
41,1
41,1
41,1
41,1
41,1
41,1
41,1
41,1
41,1
41,1
41,1
41,1
41,1
41,1
41,1
42,1
42,1
42,1
42,1
42,1
42,1
42,1
42,1
42,1
42,1
42,1
42,1
42,1
42,1
42,1
42,1
42,1
42,1
42,1
42,1
42,1
42,1
42,1
42,1
42,1
42,1
42,1
42,1
42,1
42,1
42,1
42,1
42,1
42,1
42,1
42,1
42,1
42,1
42,1
42,1
42,1
42,1
42,1
42,1
42,1
42,1
42,1
42,1
42,1
42,1
42,1
42,1
42,1
42,1
42,1
42,1
42,1
42,1
42,1
42,1
42,1
42,1
42,1
42,1
42,1
42,1
42,1
42,1
42,1
42,1
42,1
42,1
42,1
42,1
42,1
42,1
42,1
42,1
42,1
42,1
42,1
42,1
42,1
42,1
42,1
42,1
42,1
42,1
42,1
42,1
42,1
42,1
42,1
42,1
42,1
42,1
42,1
42,1
42,1
42,1
42,1
42,1
42,1
42,1
42,1
42,1
42,1
42,1
42,1
42,1
42,1
42,1
42,1
42,1
42,1
42,1
42,1
42,1
42,1
42,1
42,1
42,1
42,1
42,1
42,1
42,1
42,1
42,1
42,1
42,1
42,1
42,1
42,1
42,1
42,1
42,1
42,1
42,1
42,1
42,1
42,1
42,1
42,1
42,1
42,1
42,1
42,1
42,1
42,1
42,1
42,1
42,1
42,1
42,1
42,1
42,1
42,1
42,1
42,1
42,1
42,1
42,1
42,1
42,1
42,1
42,1
42,1
42,1
42,1
42,1
42,1
42,1
42,1
42,1
42,1
42,1
42,1
42,1
42,1
42,1
42,1
42,1
42,1
42,1
42,1
42,1
42,1
42,1
42,1
42,1
42,1
42,1
42,1
42,1
42,1
42,1
42,1
42,1
42,1
42,1
42,1
42,0
42,1
42,1
42,1
42,1
42,1
42,1
42,1
42,1
42,1
42,1
42,1
42,1
42,1
42,1
42,1
42,1
42,1
42,1
42,1
42,1
42,1
42,1
42,1
42,1
42,1
42,1
42,1
42,1
42,1
42,1
42,1
42,1
42,1
42,1
42,1
42,1
42,1
42,1
42,1
42,1
42,1
42,1
42,1
42,1
42,1
42,1
42,1
42,1
42,1
42,1
42,1
42,1
42,1
42,1
42,1
42,1
42,1
42,1
42,1
42,1
42,1
42,1
42,1
42,1
42,1
42,1
42,1
42,1
42,1
42,1
42,1
42,1
42,1
42,1
42,1
42,1
42,1
42,1
42,1
42,1
42,1
42,1
42,1
42,1
42,1
42,1
42,1
42,1
42,1
42,1
42,1
42,1
42,1
42,1
42,1
42,1
42,1
42,1
42,1
42,1
42,1
42,1
42,1
42,1
42,1
42,1
42,1
42,1
42,1
42,1
42,1
42,1
42,1
42,1
42,1
42,1
42,1
42,1
42,1
42,1
42,1
42,1
42,1
42,1
42,1
42,1
42,1
43,1
43,1
43,2
43,1
43,1
43,0
43,1
43,1
43,1
43,1
43,1
43,1
43,1
43,1
43,1
43,1
43,1
43,1
43,1
43,1
43,1
43,1
43,1
43,1
43,1
43,1
43,1
43,1
43,1
43,1
43,1
43,1
43,1
43,1
43,1
43,1
43,1
43,1
43,1
43,1
43,1
43,1
43,1
43,1
43,1
43,1
43,1
43,1
43,1
43,1
43,1
43,1
43,1
43,1
43,1
43,1
43,1
43,1
43,1
43,1
43,1
43,1
43,1
43,1
43,1
43,1
43,1
43,1
43,1
43,1
43,1
43,1
43,1
43,1
43,1
43,1
43,1
43,1
43,1
43,1
43,1
43,1
43,1
43,1
43,1
43,0
43,1
43,1
43,1
43,1
43,0
43,1
43,1
43,1
43,1
43,1
43,1
43,1
43,1
43,1
44,2
44,2
44,2
44,2
44,1
44,2
44,2
44,2
44,2
44,2
44,1
44,2
44,1
44,2
44,1
45,1
45,1
45,1
45,1
45,1
45,1
45,1
45,1
45,1
45,1
45,1
45,1
45,1
45,1
45,2
45,1
45,2
45,1
45,2
45,2
45,2
45,1
45,1
45,1
45,1
45,1
45,1
45,1
46,1
46,1
46,1
46,1
46,1
46,1
46,1
46,1
46,1
46,1
46,1
46,1
46,1
46,1
46,1
46,1
46,1
46,1
46,1
46,1
46,1
46,1
47,1
47,1
47,1
47,1
47,1
47,1
47,1
47,1
47,1
47,1
47,1
47,1
47,1
47,1
47,1
47,1
47,1
47,1
47,1
47,1
47,1
47,1
47,1
47,1
47,1
47,1
47,1
47,1
47,1
47,1
47,1
47,1
47,1
47,1
47,1
47,1
47,1
47,1
47,1
47,1
47,1
47,1
47,1
47,1
47,1
47,1
47,1
47,1
47,1
47,1
47,1
47,1
47,1
47,1
47,1
47,1
47,3
47,1
47,1
47,1
47,1
47,1
47,1
47,1
47,1
47,1
47,1
47,1
47,1
47,1
47,1
47,1
47,1
47,1
47,1
47,1
47,1
47,1
47,1
47,1
47,1
47,1
47,1
47,1
47,1
47,1
47,1
47,1
47,1
47,1
47,1
47,1
47,1
47,1
47,1
47,1
47,1
47,1
47,1
47,1
47,1
47,1
47,1
47,1
47,1
47,1
47,2
47,1
47,1
47,1
47,1
47,1
47,1
47,1
47,1
47,1
47,1
47,1
47,1
47,1
47,1
47,1
47,1
47,1
47,1
47,1
47,1
47,1
47,1
47,1
47,1
47,1
47,1
47,1
47,1
47,1
47,1
47,1
47,1
47,1
47,1
47,1
47,1
47,1
47,1
47,1
47,1
47,1
47,1
47,1
47,1
47,1
47,1
47,1
47,1
47,1
47,1
47,1
47,1
47,1
47,1
47,1
47,1
47,1
47,1
47,1
47,2
47,1
47,1
47,1
47,1
47,1
47,1
47,1
47,1
47,1
47,1
47,1
47,1
47,1
47,1
47,1
47,1
47,1
47,1
47,1
47,1
47,1
47,1
47,1
47,1
47,1
47,3
47,1
47,3
47,1
47,1
47,1
47,3
47,1
47,1
47,3
47,1
47,3
47,1
48,1
48,1
48,1
49,1
49,1
49,1
49,1
49,1
49,1
49,1
49,1
49,1
49,1
49,1
49,1
49,1
49,2
49,1
49,1
49,1
49,1
49,1
49,1
49,1
49,1
49,1
49,1
49,1
49,1
49,1
49,1
49,1
49,1
49,1
49,1
49,1
49,1
49,1
49,1
49,1
49,1
49,1
49,1
49,1
49,1
49,1
49,1
49,1
49,1
49,1
49,1
49,1
49,1
49,1
49,1
49,1
49,1
49,1
49,1
50,1
50,1
50,1
50,1
50,1
50,1
50,1
50,1
50,1
50,1
50,1
50,1
50,1
50,1
50,1
50,1
50,1
50,1
50,1
50,1
50,1
50,1
50,1
50,1
50,1
50,1
50,1
50,1
50,1
50,1
50,1
50,1
50,1
50,1
50,1
50,1
50,1
50,1
50,1
50,1
50,1
50,1
50,1
50,1
50,1
50,1
50,1
50,1
50,1
50,1
50,1
50,1
50,1
50,1
50,1
51,1
51,1
51,1
51,1
51,1
51,1
51,1
51,1
51,1
51,1
51,1
51,1
52,1
52,1
52,1
52,1
52,1
52,1
52,1
52,1
53,1
53,1
53,1
53,1
53,1
53,1
53,1
53,2
53,1
53,1
53,2
53,2
53,2
53,1
53,1
53,1
53,1
53,2
53,1
53,1
53,1
53,1
53,1
53,1
53,1
53,1
53,1
53,1
53,1
53,1
53,1
53,1
53,1
53,1
53,1
53,1
53,1
53,1
53,1
53,1
53,1
53,1
53,1
53,1
53,1
54,1
54,1
55,1
56,1
56,1
56,1
56,1
56,1
56,1
56,1
56,1
56,1
56,1
56,1
56,1
56,1
56,1
56,1
56,1
56,1
56,1
56,1
56,1
56,1
56,1
56,1
56,1
56,1
56,1
56,1
56,1
56,1
56,1
56,1
56,1
56,1
56,1
56,1
56,1
56,1
56,1
56,1
56,1
56,1
56,1
56,1
56,1
56,1
56,1
56,1
56,1
56,1
56,1
56,1
56,1
57,1
57,1
57,1
57,1
57,1
57,1
57,1
57,1
57,1
57,1
57,1
57,1
57,1
57,1
57,1
57,0
57,1
57,1
58,1
58,1
58,1
58,1
58,1
58,1
58,1
58,1
58,1
58,1
58,1
58,1
58,1
58,1
58,1
58,1
58,1
58,1
58,1
58,1
58,1
58,1
58,1
58,1
58,1
58,1
58,1
58,1
58,1
58,1
58,1
58,1
58,1
58,1
58,1
58,1
58,1
59,1
59,1
59,1
59,1
59,1
59,1
59,1
59,1
59,1
59,1
59,1
59,1
59,1
59,1
59,2
59,1
59,1
59,1
59,1
59,1
59,1
60,1
60,1
60,1
60,1
60,1
60,1
60,1
60,1
60,1
60,1
60,1
60,1
60,1
60,3
60,1
60,1
60,1
60,1
60,1
60,1
